link,name,college,Rk,Year,Rd,Pk
/players/o/olowomi01.html,Michael Olowokandi,University of the Pacific,1,1998,1,1
/players/b/bibbymi01.html,Mike Bibby,University of Arizona,2,1998,1,2
/players/l/lafrera01.html,Raef LaFrentz,University of Kansas,3,1998,1,3
/players/j/jamisan01.html,Antawn Jamison,University of North Carolina,4,1998,1,4
/players/c/cartevi01.html,Vince Carter,University of North Carolina,5,1998,1,5
/players/t/traylro01.html,Robert Traylor,University of Michigan,6,1998,1,6
/players/w/willija02.html,Jason Williams,University of Florida,7,1998,1,7
/players/h/hughela01.html,Larry Hughes,Saint Louis University,8,1998,1,8
/players/n/nowitdi01.html,Dirk Nowitzki,,9,1998,1,9
/players/p/piercpa01.html,Paul Pierce,University of Kansas,10,1998,1,10
/players/w/wellsbo01.html,Bonzi Wells,Ball State University,11,1998,1,11
/players/d/doleami01.html,Michael Doleac,University of Utah,12,1998,1,12
/players/c/clarkke01.html,Keon Clark,"University of Nevada, Las Vegas",13,1998,1,13
/players/d/dickemi01.html,Michael Dickerson,University of Arizona,14,1998,1,14
/players/h/harprma01.html,Matt Harpring,Georgia Institute of Technology,15,1998,1,15
/players/d/drewbr01.html,Bryce Drew,Valparaiso University,16,1998,1,16
/players/n/nestera01.html,Rasho Nesterovic,,17,1998,1,17
/players/t/turkcmi01.html,Mirsad Turkcan,,18,1998,1,18
/players/g/garripa01.html,Pat Garrity,University of Notre Dame,19,1998,1,19
/players/m/mcleoro01.html,Roshown McLeod,Duke University,20,1998,1,20
/players/d/davisri01.html,Ricky Davis,University of Iowa,21,1998,1,21
/players/s/skinnbr01.html,Brian Skinner,Baylor University,22,1998,1,22
/players/l/luety01.html,Tyronn Lue,University of Nebraska,23,1998,1,23
/players/l/lopezfe01.html,Felipe Lopez,St. John's University,24,1998,1,24
/players/h/harrial01.html,Al Harrington,,25,1998,1,25
/players/j/jacobsa01.html,Sam Jacobson,University of Minnesota,26,1998,1,26
/players/s/stepavl01.html,Vladimir Stepania,,27,1998,1,27
/players/b/benjaco01.html,Corey Benjamin,Oregon State University,28,1998,1,28
/players/m/mohamna01.html,Nazr Mohammed,University of Kentucky,29,1998,1,29
/players/s/sesayan01.html,Ansu Sesay,University of Mississippi,30,1998,2,30
/players/p/patteru01.html,Ruben Patterson,University of Cincinnati,31,1998,2,31
/players/l/lewisra02.html,Rashard Lewis,,32,1998,2,32
/players/m/mccoyje01.html,Jelani McCoy,"University of California, Los Angeles",33,1998,2,33
/players/w/willish01.html,Shammond Williams,University of North Carolina,34,1998,2,34
/players/s/sundobr01.html,Bruno Sundov,,35,1998,2,35
/players/j/jamesje01.html,Jerome James,Florida Agricultural and Mechanical University,36,1998,2,36
/players/s/shawca01.html,Casey Shaw,University of Toledo,37,1998,2,37
/players/j/johnsde02.html,DeMarco Johnson,University of North Carolina at Charlotte,38,1998,2,38
/players/a/alstora01.html,Rafer Alston,"California State University, Fresno",39,1998,2,39
/players/y/youngko01.html,Korleone Young,,40,1998,2,40
/players/m/moblecu01.html,Cuttino Mobley,University of Rhode Island,41,1998,2,41
/players/s/simonmi01.html,Miles Simon,University of Arizona,42,1998,2,42
/players/w/whiteja01.html,Jahidi White,Georgetown University,43,1998,2,43
/players/m/marksse01.html,Sean Marks,University of California,44,1998,2,44
/players/b/baileto01.html,Toby Bailey,"University of California, Los Angeles",45,1998,2,45
/players/p/pattean01.html,Andrae Patterson,Indiana University,46,1998,2,46
/players/w/wheelty01.html,Tyson Wheeler,University of Rhode Island,47,1998,2,47
/players/s/stackry01.html,Ryan Stack,University of South Carolina,48,1998,2,48
/players/c/carrco01.html,Cory Carr,Texas Tech University,49,1998,2,49
,Andrew Betts,"California State University, Long Beach",50,1998,2,50
,Corey Brewer,University of Oklahoma,51,1998,2,51
/players/d/dialde01.html,Derrick Dial,Eastern Michigan University,52,1998,2,52
/players/b/buckngr01.html,Greg Buckner,Clemson University,53,1998,2,53
/players/f/fowlktr01.html,Tremaine Fowlkes,"California State University, Fresno",54,1998,2,54
/players/b/bowenry01.html,Ryan Bowen,University of Iowa,55,1998,2,55
/players/h/hendejr01.html,J.R. Henderson,"University of California, Los Angeles",56,1998,2,56
/players/b/braggto01.html,Torraye Braggs,Xavier University,57,1998,2,57
/players/b/bastoma01.html,Maceo Baston,University of Michigan,58,1998,2,58
/players/b/brandel01.html,Elton Brand,Duke University,1,1999,1,1
/players/f/francst01.html,Steve Francis,University of Maryland,2,1999,1,2
/players/d/davisba01.html,Baron Davis,"University of California, Los Angeles",3,1999,1,3
/players/o/odomla01.html,Lamar Odom,University of Rhode Island,4,1999,1,4
/players/b/bendejo01.html,Jonathan Bender,,5,1999,1,5
/players/s/szczewa02.html,Wally Szczerbiak,Miami University,6,1999,1,6
/players/h/hamilri01.html,Richard Hamilton,University of Connecticut,7,1999,1,7
/players/m/millean02.html,Andre Miller,University of Utah,8,1999,1,8
/players/m/mariosh01.html,Shawn Marion,"University of Nevada, Las Vegas",9,1999,1,9
/players/t/terryja01.html,Jason Terry,University of Arizona,10,1999,1,10
/players/l/langdtr01.html,Trajan Langdon,Duke University,11,1999,1,11
/players/r/radojal01.html,Aleksandar Radojevic,Barton County Community College,12,1999,1,12
/players/m/maggeco01.html,Corey Maggette,Duke University,13,1999,1,13
/players/a/averywi01.html,William Avery,Duke University,14,1999,1,14
,Frederic Weis,,15,1999,1,15
/players/a/artesro01.html,Metta World Peace,St. John's University,16,1999,1,16
/players/b/bowdlca01.html,Cal Bowdler,Old Dominion University,17,1999,1,17
/players/p/poseyja01.html,James Posey,Xavier University,18,1999,1,18
/players/l/lewisqu01.html,Quincy Lewis,University of Minnesota,19,1999,1,19
/players/g/glovedi01.html,Dion Glover,Georgia Institute of Technology,20,1999,1,20
/players/f/fosteje01.html,Jeff Foster,Texas State University,21,1999,1,21
/players/t/thomake01.html,Kenny Thomas,University of New Mexico,22,1999,1,22
/players/g/georgde01.html,Devean George,Augsburg College,23,1999,1,23
/players/k/kirilan01.html,Andrei Kirilenko,,24,1999,1,24
/players/j/jamesti01.html,Tim James,University of Miami,25,1999,1,25
/players/c/cummivo01.html,Vonteego Cummings,University of Pittsburgh,26,1999,1,26
/players/j/jonesju01.html,Jumaine Jones,University of Georgia,27,1999,1,27
/players/p/padgesc01.html,Scott Padgett,University of Kentucky,28,1999,1,28
/players/s/smithle01.html,Leon Smith,,29,1999,1,29
/players/c/celesjo01.html,John Celestand,Villanova University,30,1999,2,30
,Rico Hill,Illinois State University,31,1999,2,31
/players/r/ruffimi01.html,Michael Ruffin,University of Tulsa,32,1999,2,32
/players/h/herrech01.html,Chris Herren,"California State University, Fresno",33,1999,2,33
/players/e/eschmev01.html,Evan Eschmeyer,Northwestern University,34,1999,2,34
/players/b/boothca01.html,Calvin Booth,Pennsylvania State University,35,1999,2,35
/players/z/zhizhwa01.html,Wang Zhizhi,,36,1999,2,36
/players/e/ekeziob01.html,Obinna Ekezie,University of Maryland,37,1999,2,37
/players/p/profila01.html,Laron Profit,University of Maryland,38,1999,2,38
/players/b/bramlaj01.html,A.J. Bramlett,University of Arizona,39,1999,2,39
/players/g/giricgo01.html,Gordan Giricek,,40,1999,2,40
/players/e/elsonfr01.html,Francisco Elson,University of California,41,1999,2,41
,Louis Bullock,University of Michigan,42,1999,2,42
/players/n/nailole01.html,Lee Nailon,Texas Christian University,43,1999,2,43
,Tyrone Washington,Mississippi State University,44,1999,2,44
/players/r/roberry01.html,Ryan Robertson,University of Kansas,45,1999,2,45
,J.R. Koch,University of Iowa,46,1999,2,46
/players/m/maccuto01.html,Todd MacCulloch,University of Washington,47,1999,2,47
,Galen Young,University of North Carolina at Charlotte,48,1999,2,48
/players/k/ketnela01.html,Lari Ketner,University of Massachusetts Amherst,49,1999,2,49
/players/h/hamilve01.html,Venson Hamilton,University of Nebraska,50,1999,2,50
,Antwain Smith,Saint Paul's College,51,1999,2,51
,Roberto Bergersen,Boise State University,52,1999,2,52
/players/b/buforro01.html,Rodney Buford,Creighton University,53,1999,2,53
,Melvin Levett,University of Cincinnati,54,1999,2,54
,Kris Clack,University of Texas at Austin,55,1999,2,55
/players/y/youngti01.html,Tim Young,Stanford University,56,1999,2,56
/players/g/ginobma01.html,Manu Ginobili,,57,1999,2,57
,Eddie Lucas,Virginia Polytechnic Institute and State University,58,1999,2,58
/players/m/martike01.html,Kenyon Martin,University of Cincinnati,1,2000,1,1
/players/s/swiftst01.html,Stromile Swift,Louisiana State University,2,2000,1,2
/players/m/milesda01.html,Darius Miles,,3,2000,1,3
/players/f/fizerma01.html,Marcus Fizer,Iowa State University,4,2000,1,4
/players/m/millemi01.html,Mike Miller,University of Florida,5,2000,1,5
/players/j/johnsde03.html,DerMarr Johnson,University of Cincinnati,6,2000,1,6
/players/m/mihmch01.html,Chris Mihm,University of Texas at Austin,7,2000,1,7
/players/c/crawfja01.html,Jamal Crawford,University of Michigan,8,2000,1,8
/players/p/przybjo01.html,Joel Przybilla,University of Minnesota,9,2000,1,9
/players/d/doolike01.html,Keyon Dooling,University of Missouri,10,2000,1,10
/players/m/moisoje01.html,Jerome Moiso,"University of California, Los Angeles",11,2000,1,11
/players/t/thomaet01.html,Etan Thomas,Syracuse University,12,2000,1,12
/players/a/alexaco02.html,Courtney Alexander,"California State University, Fresno",13,2000,1,13
/players/c/cleavma01.html,Mateen Cleaves,Michigan State University,14,2000,1,14
/players/c/collija02.html,Jason Collier,Georgia Institute of Technology,15,2000,1,15
/players/t/turkohe01.html,Hedo Turkoglu,,16,2000,1,16
/players/m/masonde01.html,Desmond Mason,Oklahoma State University,17,2000,1,17
/players/r/richaqu01.html,Quentin Richardson,DePaul University,18,2000,1,18
/players/m/magloja01.html,Jamaal Magloire,University of Kentucky,19,2000,1,19
/players/c/claxtsp01.html,Speedy Claxton,Hofstra University,20,2000,1,20
/players/p/petermo01.html,Morris Peterson,Michigan State University,21,2000,1,21
/players/h/harvedo01.html,Donnell Harvey,University of Florida,22,2000,1,22
/players/s/stevede01.html,DeShawn Stevenson,,23,2000,1,23
/players/b/bagarda01.html,Dalibor Bagaric,,24,2000,1,24
/players/t/tsakaja01.html,Jake Tsakalidis,,25,2000,1,25
/players/n/ndiayma02.html,Mamadou N'Diaye,Auburn University,26,2000,1,26
/players/b/brezepr01.html,Primoz Brezec,,27,2000,1,27
/players/b/barkler01.html,Erick Barkley,St. John's University,28,2000,1,28
/players/m/madsema01.html,Mark Madsen,Stanford University,29,2000,1,29
/players/j/jaricma01.html,Marko Jaric,,30,2000,2,30
/players/l/langhda01.html,Dan Langhi,Vanderbilt University,31,2000,2,31
/players/g/guytoaj01.html,A.J. Guyton,Indiana University,32,2000,2,32
/players/v/voskuja01.html,Jake Voskuhl,University of Connecticut,33,2000,2,33
/players/e/elamikh01.html,Khalid El-Amin,University of Connecticut,34,2000,2,34
/players/s/smithmi03.html,Mike Smith,University of Louisiana at Monroe,35,2000,2,35
/players/s/samakso01.html,Soumaila Samake,,36,2000,2,36
/players/h/houseed01.html,Eddie House,Arizona State University,37,2000,2,37
/players/n/najered01.html,Eduardo Najera,University of Oklahoma,38,2000,2,38
/players/p/postela01.html,Lavor Postell,St. John's University,39,2000,2,39
/players/m/mottoha01.html,Hanno Mottola,University of Utah,40,2000,2,40
,Chris Carrawell,Duke University,41,2000,2,41
/players/o/oyedeol01.html,Olumide Oyedeji,,42,2000,2,42
/players/r/reddmi01.html,Michael Redd,Ohio State University,43,2000,2,43
/players/c/cardibr01.html,Brian Cardinal,Purdue University,44,2000,2,44
/players/s/smithja01.html,Jabari Smith,Louisiana State University,45,2000,2,45
,DeeAndre Hulett,College of the Sequoias,46,2000,2,46
,Josip Sesar,,47,2000,2,47
,Mark Karcher,Temple University,48,2000,2,48
/players/h/hartja01.html,Jason Hart,Syracuse University,49,2000,2,49
/players/d/dickeka01.html,Kaniel Dickens,University of Idaho,50,2000,2,50
/players/r/rakocig01.html,Igor Rakocevic,,51,2000,2,51
/players/b/browner01.html,Ernest Brown,Indian Hills Community College,52,2000,2,52
/players/m/mcclida01.html,Dan McClintock,Northern Arizona University,53,2000,2,53
,Cory Hightower,Indian Hills Community College,54,2000,2,54
/players/p/portech01.html,Chris Porter,Auburn University,55,2000,2,55
,Jaquay Walls,University of Colorado,56,2000,2,56
,Scoonie Penn,Ohio State University,57,2000,2,57
,Pete Mickeal,University of Cincinnati,58,2000,2,58
/players/b/brownkw01.html,Kwame Brown,,1,2001,1,1
/players/c/chandty01.html,Tyson Chandler,,2,2001,1,2
/players/g/gasolpa01.html,Pau Gasol,,3,2001,1,3
/players/c/curryed01.html,Eddy Curry,,4,2001,1,4
/players/r/richaja01.html,Jason Richardson,Michigan State University,5,2001,1,5
/players/b/battish01.html,Shane Battier,Duke University,6,2001,1,6
/players/g/griffed01.html,Eddie Griffin,Seton Hall University,7,2001,1,7
/players/d/diopde01.html,DeSagana Diop,,8,2001,1,8
/players/w/whitero02.html,Rodney White,University of North Carolina at Charlotte,9,2001,1,9
/players/j/johnsjo02.html,Joe Johnson,University of Arkansas,10,2001,1,10
/players/b/brownke01.html,Kedrick Brown,Okaloosa-Walton Community College,11,2001,1,11
/players/r/radmavl01.html,Vladimir Radmanovic,,12,2001,1,12
/players/j/jefferi01.html,Richard Jefferson,University of Arizona,13,2001,1,13
/players/m/murphtr01.html,Troy Murphy,University of Notre Dame,14,2001,1,14
/players/h/huntest01.html,Steven Hunter,DePaul University,15,2001,1,15
/players/h/hastoki01.html,Kirk Haston,Indiana University,16,2001,1,16
/players/b/bradlmi01.html,Michael Bradley,Villanova University,17,2001,1,17
/players/c/collija04.html,Jason Collins,Stanford University,18,2001,1,18
/players/r/randoza01.html,Zach Randolph,Michigan State University,19,2001,1,19
/players/h/haywobr01.html,Brendan Haywood,University of North Carolina,20,2001,1,20
/players/f/fortejo01.html,Joseph Forte,University of North Carolina,21,2001,1,21
/players/s/sasseje01.html,Jeryl Sasser,Southern Methodist University,22,2001,1,22
/players/a/armstbr01.html,Brandon Armstrong,Pepperdine University,23,2001,1,23
/players/l/lopezra01.html,Raul Lopez,,24,2001,1,24
/players/w/wallage01.html,Gerald Wallace,University of Alabama,25,2001,1,25
/players/d/dalemsa01.html,Samuel Dalembert,Seton Hall University,26,2001,1,26
/players/t/tinslja01.html,Jamaal Tinsley,Iowa State University,27,2001,1,27
/players/p/parketo01.html,Tony Parker,,28,2001,1,28
/players/h/hassetr01.html,Trenton Hassell,Austin Peay State University,29,2001,2,30
/players/a/arenagi01.html,Gilbert Arenas,University of Arizona,30,2001,2,31
/players/c/cookom01.html,Omar Cook,St. John's University,31,2001,2,32
/players/s/solomwi01.html,Will Solomon,Clemson University,32,2001,2,33
/players/m/morrite01.html,Terence Morris,University of Maryland,33,2001,2,34
/players/s/scalabr01.html,Brian Scalabrine,University of Southern California,34,2001,2,35
/players/t/trepaje01.html,Jeff Trepagnier,University of Southern California,35,2001,2,36
/players/b/brownda02.html,Damone Brown,Syracuse University,36,2001,2,37
/players/o/okurme01.html,Mehmet Okur,,37,2001,2,38
,Michael Wright,University of Arizona,38,2001,2,39
/players/w/watsoea01.html,Earl Watson,"University of California, Los Angeles",39,2001,2,40
/players/b/breweja01.html,Jamison Brewer,Auburn University,40,2001,2,41
/players/s/simmobo01.html,Bobby Simmons,DePaul University,41,2001,2,42
,Eric Chenowith,University of Kansas,42,2001,2,43
,Kyle Hill,Eastern Illinois University,43,2001,2,44
/players/l/lamplse01.html,Sean Lampley,University of California,44,2001,2,45
/players/w/woodslo01.html,Loren Woods,University of Arizona,45,2001,2,46
,Ousmane Cisse,,46,2001,2,47
/players/f/fotsian01.html,Antonis Fotsis,,47,2001,2,48
/players/j/johnske03.html,Ken Johnson,Ohio State University,48,2001,2,49
/players/b/boumtru01.html,Ruben Boumtje-Boumtje,Georgetown University,49,2001,2,50
/players/f/fordal02.html,Alton Ford,University of Houston,50,2001,2,51
,Andre Hutson,Michigan State University,51,2001,2,52
/players/c/collija03.html,Jarron Collins,Stanford University,52,2001,2,53
/players/s/satteke01.html,Kenny Satterfield,University of Cincinnati,53,2001,2,54
,Maurice Jeffers,Saint Louis University,54,2001,2,55
/players/j/javtoro01.html,Robertas Javtokas,,55,2001,2,56
/players/j/jonesal01.html,Alvin Jones,Georgia Institute of Technology,56,2001,2,57
,Bryan Bracey,University of Oregon,57,2001,2,58
/players/m/mingya01.html,Yao Ming,,1,2002,1,1
/players/w/willija03.html,Jay Williams,Duke University,2,2002,1,2
/players/d/dunlemi02.html,Mike Dunleavy,Duke University,3,2002,1,3
/players/g/goodedr01.html,Drew Gooden,University of Kansas,4,2002,1,4
/players/t/tskitni01.html,Nikoloz Tskitishvili,,5,2002,1,5
/players/w/wagneda02.html,Dajuan Wagner,University of Memphis,6,2002,1,6
/players/h/hilarne01.html,Nene Hilario,,7,2002,1,7
/players/w/wilcoch01.html,Chris Wilcox,University of Maryland,8,2002,1,8
/players/s/stoudam01.html,Amar'e Stoudemire,,9,2002,1,9
/players/b/butleca01.html,Caron Butler,University of Connecticut,10,2002,1,10
/players/j/jeffrja01.html,Jared Jeffries,Indiana University,11,2002,1,11
/players/e/elyme01.html,Melvin Ely,"California State University, Fresno",12,2002,1,12
/players/h/haislma01.html,Marcus Haislip,University of Tennessee,13,2002,1,13
/players/j/jonesfr01.html,Fred Jones,University of Oregon,14,2002,1,14
/players/n/nachbbo01.html,Bostjan Nachbar,,15,2002,1,15
/players/w/welscji01.html,Jiri Welsch,,16,2002,1,16
/players/d/dixonju01.html,Juan Dixon,University of Maryland,17,2002,1,17
/players/b/borchcu01.html,Curtis Borchardt,Stanford University,18,2002,1,18
/players/h/humphry01.html,Ryan Humphrey,University of Notre Dame,19,2002,1,19
/players/r/rushka01.html,Kareem Rush,University of Missouri,20,2002,1,20
/players/w/woodsqy01.html,Qyntel Woods,Northeast Mississippi Community College,21,2002,1,21
/players/j/jacobca01.html,Casey Jacobsen,Stanford University,22,2002,1,22
/players/p/princta01.html,Tayshaun Prince,University of Kentucky,23,2002,1,23
/players/k/krstine01.html,Nenad Krstic,,24,2002,1,24
/players/w/willifr02.html,Frank Williams,University of Illinois at Urbana-Champaign,25,2002,1,25
/players/s/salmojo01.html,John Salmons,University of Miami,26,2002,1,26
/players/j/jeffech01.html,Chris Jefferies,"California State University, Fresno",27,2002,1,27
/players/d/dickada01.html,Dan Dickau,Gonzaga University,28,2002,1,28
,Steve Logan,University of Cincinnati,29,2002,2,30
/players/m/masonro01.html,Roger Mason,University of Virginia,30,2002,2,31
/players/a/archiro01.html,Robert Archibald,University of Illinois at Urbana-Champaign,31,2002,2,32
/players/y/yarbrvi01.html,Vincent Yarbrough,University of Tennessee,32,2002,2,33
/players/g/gadzuda01.html,Dan Gadzuric,"University of California, Los Angeles",33,2002,2,34
/players/b/boozeca01.html,Carlos Boozer,Duke University,34,2002,2,35
,Milos Vujanic,,35,2002,2,36
/players/a/anderda03.html,David Andersen,,36,2002,2,37
/players/m/maddoti01.html,Tito Maddox,"California State University, Fresno",37,2002,2,38
,Rod Grizzard,University of Alabama,38,2002,2,39
/players/n/navarju01.html,Juan Carlos Navarro,,39,2002,2,40
/players/k/kasunma01.html,Mario Kasun,,40,2002,2,41
/players/m/murraro01.html,Ronald Murray,Shaw University,41,2002,2,42
,Jason Jennings,Arkansas State University,42,2002,2,43
/players/b/baxtelo01.html,Lonny Baxter,University of Maryland,43,2002,2,44
,Sam Clancy,University of Southern California,44,2002,2,45
/players/b/barnema02.html,Matt Barnes,"University of California, Los Angeles",45,2002,2,46
/players/s/sampsja01.html,Jamal Sampson,University of California,46,2002,2,47
/players/o/owensch01.html,Chris Owens,University of Texas at Austin,47,2002,2,48
,Peter Fehse,,48,2002,2,49
/players/s/songada01.html,Darius Songaila,Wake Forest University,49,2002,2,50
,Federico Kammerichs,,50,2002,2,51
,Marcus Taylor,Michigan State University,51,2002,2,52
/players/b/butlera01.html,Rasual Butler,La Salle University,52,2002,2,53
/players/s/slayta01.html,Tamar Slay,Marshall University,53,2002,2,54
,Mladen Sekularac,,54,2002,2,55
/players/s/scolalu01.html,Luis Scola,,55,2002,2,56
/players/h/holcora01.html,Randy Holcomb,San Diego State University,56,2002,2,57
/players/e/edwarco01.html,Corsley Edwards,Central Connecticut State University,57,2002,2,58
/players/j/jamesle01.html,LeBron James,,1,2003,1,1
/players/m/milicda01.html,Darko Milicic,,2,2003,1,2
/players/a/anthoca01.html,Carmelo Anthony,Syracuse University,3,2003,1,3
/players/b/boshch01.html,Chris Bosh,Georgia Institute of Technology,4,2003,1,4
/players/w/wadedw01.html,Dwyane Wade,Marquette University,5,2003,1,5
/players/k/kamanch01.html,Chris Kaman,Central Michigan University,6,2003,1,6
/players/h/hinriki01.html,Kirk Hinrich,University of Kansas,7,2003,1,7
/players/f/fordtj01.html,T.J. Ford,University of Texas at Austin,8,2003,1,8
/players/s/sweetmi01.html,Mike Sweetney,Georgetown University,9,2003,1,9
/players/h/hayesja01.html,Jarvis Hayes,University of Georgia,10,2003,1,10
/players/p/pietrmi01.html,Mickael Pietrus,,11,2003,1,11
/players/c/collini01.html,Nick Collison,University of Kansas,12,2003,1,12
/players/b/banksma01.html,Marcus Banks,"University of Nevada, Las Vegas",13,2003,1,13
/players/r/ridnolu01.html,Luke Ridnour,University of Oregon,14,2003,1,14
/players/g/gainere01.html,Reece Gaines,University of Louisville,15,2003,1,15
/players/b/belltr01.html,Troy Bell,Boston College,16,2003,1,16
/players/c/cabarza01.html,Zarko Cabarkapa,,17,2003,1,17
/players/w/westda01.html,David West,Xavier University,18,2003,1,18
/players/p/pavloal01.html,Sasha Pavlovic,,19,2003,1,19
/players/j/jonesda02.html,Dahntay Jones,Duke University,20,2003,1,20
/players/d/diawbo01.html,Boris Diaw,,21,2003,1,21
/players/p/planizo01.html,Zoran Planinic,,22,2003,1,22
/players/o/outlatr01.html,Travis Outlaw,,23,2003,1,23
/players/c/cookbr01.html,Brian Cook,University of Illinois at Urbana-Champaign,24,2003,1,24
/players/d/delfica01.html,Carlos Delfino,,25,2003,1,25
/players/e/ebind01.html,Ndudi Ebi,,26,2003,1,26
/players/p/perkike01.html,Kendrick Perkins,,27,2003,1,27
/players/b/barbole01.html,Leandro Barbosa,,28,2003,1,28
/players/h/howarjo01.html,Josh Howard,Wake Forest University,29,2003,1,29
/players/l/lampema01.html,Maciej Lampe,,30,2003,2,30
/players/k/kaponja01.html,Jason Kapono,"University of California, Los Angeles",31,2003,2,31
/players/w/waltolu01.html,Luke Walton,University of Arizona,32,2003,2,32
/players/b/beaslje01.html,Jerome Beasley,University of North Dakota,33,2003,2,33
/players/s/schorso01.html,Sofoklis Schortsanitis,,34,2003,2,34
/players/s/szewcsz01.html,Szymon Szewczyk,,35,2003,2,35
/players/a/austima01.html,Mario Austin,Mississippi State University,36,2003,2,36
/players/h/hansetr01.html,Travis Hansen,Brigham Young University,37,2003,2,37
/players/b/blakest01.html,Steve Blake,University of Maryland,38,2003,2,38
/players/v/vranesl01.html,Slavko Vranes,,39,2003,2,39
/players/z/zimmede01.html,Derrick Zimmerman,Mississippi State University,40,2003,2,40
/players/g/greenwi01.html,Willie Green,University of Detroit Mercy,41,2003,2,41
/players/p/pachuza01.html,Zaza Pachulia,,42,2003,2,42
/players/b/boganke01.html,Keith Bogans,University of Kentucky,43,2003,2,43
,Malick Badiane,,44,2003,2,44
/players/b/bonnema01.html,Matt Bonner,University of Florida,45,2003,2,45
/players/b/becirsa01.html,Sani Becirovic,,46,2003,2,46
/players/w/willima01.html,Mo Williams,University of Alabama,47,2003,2,47
/players/l/langja01.html,James Lang,,48,2003,2,48
/players/j/jonesja02.html,James Jones,University of Miami,49,2003,2,49
/players/m/morlepa01.html,Paccelis Morlende,,50,2003,2,50
/players/k/korveky01.html,Kyle Korver,Creighton University,51,2003,2,51
,Remon Van de Hare,,52,2003,2,52
,Tommy Smith,Arizona State University,53,2003,2,53
/players/s/sinanne01.html,Nedzad Sinanovic,,54,2003,2,54
,Rick Rickert,University of Minnesota,55,2003,2,55
/players/h/huntebr01.html,Brandon Hunter,Ohio University,56,2003,2,56
/players/y/yuyanxu01.html,Xue Yuyang,,57,2003,2,57
/players/g/glynian01.html,Andreas Glyniadakis,,58,2003,2,58
/players/h/howardw01.html,Dwight Howard,,1,2004,1,1
/players/o/okafoem01.html,Emeka Okafor,University of Connecticut,2,2004,1,2
/players/g/gordobe01.html,Ben Gordon,University of Connecticut,3,2004,1,3
/players/l/livinsh01.html,Shaun Livingston,,4,2004,1,4
/players/h/harride01.html,Devin Harris,University of Wisconsin,5,2004,1,5
/players/c/childjo01.html,Josh Childress,Stanford University,6,2004,1,6
/players/d/denglu01.html,Luol Deng,Duke University,7,2004,1,7
/players/a/araujra01.html,Rafael Araujo,Brigham Young University,8,2004,1,8
/players/i/iguodan01.html,Andre Iguodala,University of Arizona,9,2004,1,9
/players/j/jackslu02.html,Luke Jackson,University of Oregon,10,2004,1,10
/players/b/biedran01.html,Andris Biedrins,,11,2004,1,11
/players/s/swiftro01.html,Robert Swift,,12,2004,1,12
/players/t/telfase01.html,Sebastian Telfair,,13,2004,1,13
/players/h/humphkr01.html,Kris Humphries,University of Minnesota,14,2004,1,14
/players/j/jeffeal01.html,Al Jefferson,,15,2004,1,15
/players/s/snydeki01.html,Kirk Snyder,"University of Nevada, Reno",16,2004,1,16
/players/s/smithjo03.html,Josh Smith,,17,2004,1,17
/players/s/smithjr01.html,J.R. Smith,,18,2004,1,18
/players/w/wrighdo01.html,Dorell Wright,,19,2004,1,19
/players/n/nelsoja01.html,Jameer Nelson,Saint Joseph's University,20,2004,1,20
/players/p/podkopa01.html,Pavel Podkolzin,,21,2004,1,21
/players/k/khryavi01.html,Viktor Khryapa,,22,2004,1,22
/players/m/moniase01.html,Sergei Monia,,23,2004,1,23
/players/w/westde01.html,Delonte West,Saint Joseph's University,24,2004,1,24
/players/a/allento01.html,Tony Allen,Oklahoma State University,25,2004,1,25
/players/m/martike02.html,Kevin Martin,Western Carolina University,26,2004,1,26
/players/v/vujacsa01.html,Sasha Vujacic,,27,2004,1,27
/players/u/udrihbe01.html,Beno Udrih,,28,2004,1,28
/players/h/harrida01.html,David Harrison,University of Colorado,29,2004,1,29
/players/v/varejan01.html,Anderson Varejao,,30,2004,2,30
/players/v/vromaja01.html,Jackson Vroman,Iowa State University,31,2004,2,31
/players/r/ramospe01.html,Peter John Ramos,,32,2004,2,32
/players/c/chalmli01.html,Lionel Chalmers,Xavier University,33,2004,2,33
/players/s/smithdo04.html,Donta Smith,Southeastern Illinois College,34,2004,2,34
/players/e/emmetan01.html,Andre Emmett,Texas Tech University,35,2004,2,35
/players/b/burksan01.html,Antonio Burks,University of Memphis,36,2004,2,36
/players/i/iveyro01.html,Royal Ivey,University of Texas at Austin,37,2004,2,37
/players/d/duhonch01.html,Chris Duhon,Duke University,38,2004,2,38
/players/m/miralal01.html,Albert Miralles,,39,2004,2,39
/players/r/reedju01.html,Justin Reed,University of Mississippi,40,2004,2,40
,David Young,North Carolina Central University,41,2004,2,41
/players/s/sanikvi01.html,Viktor Sanikidze,,42,2004,2,42
/players/a/arizatr01.html,Trevor Ariza,"University of California, Los Angeles",43,2004,2,43
,Tim Pickett,Florida State University,44,2004,2,44
/players/r/robinbe01.html,Bernard Robinson,University of Michigan,45,2004,2,45
/players/s/seungha01.html,Ha Seung-Jin,,46,2004,2,46
/players/s/sowpa01.html,Pape Sow,"California State University, Fullerton",47,2004,2,47
,Ricky Minard,Morehead State University,48,2004,2,48
/players/l/lishcse01.html,Sergei Lishouk,,49,2004,2,49
/players/s/spanova01.html,Vassilis Spanoulis,,50,2004,2,50
,Christian Drejer,University of Florida,51,2004,2,51
,Romain Sato,Xavier University,52,2004,2,52
/players/f/freijma01.html,Matt Freije,Vanderbilt University,53,2004,2,53
,Rickey Paulding,University of Missouri,54,2004,2,54
/players/f/florelu01.html,Luis Flores,Manhattan College,55,2004,2,55
,Marcus Douthit,Providence College,56,2004,2,56
/players/k/karause01.html,Sergei Karaulov,,57,2004,2,57
,Blake Stepp,Gonzaga University,58,2004,2,58
,Rashad Wright,University of Georgia,59,2004,2,59
/players/b/bogutan01.html,Andrew Bogut,University of Utah,1,2005,1,1
/players/w/willima02.html,Marvin Williams,University of North Carolina,2,2005,1,2
/players/w/willide01.html,Deron Williams,University of Illinois at Urbana-Champaign,3,2005,1,3
/players/p/paulch01.html,Chris Paul,Wake Forest University,4,2005,1,4
/players/f/feltora01.html,Raymond Felton,University of North Carolina,5,2005,1,5
/players/w/webstma02.html,Martell Webster,,6,2005,1,6
/players/v/villach01.html,Charlie Villanueva,University of Connecticut,7,2005,1,7
/players/f/fryech01.html,Channing Frye,University of Arizona,8,2005,1,8
/players/d/dioguik01.html,Ike Diogu,Arizona State University,9,2005,1,9
/players/b/bynuman01.html,Andrew Bynum,,10,2005,1,10
/players/v/vazqufr01.html,Fran Vazquez,,11,2005,1,11
/players/k/korolya01.html,Yaroslav Korolev,,12,2005,1,12
/players/m/mayse01.html,Sean May,University of North Carolina,13,2005,1,13
/players/m/mccanra01.html,Rashad McCants,University of North Carolina,14,2005,1,14
/players/w/wrighan01.html,Antoine Wright,Texas A&M University,15,2005,1,15
/players/g/grahajo01.html,Joey Graham,Oklahoma State University,16,2005,1,16
/players/g/grangda01.html,Danny Granger,University of New Mexico,17,2005,1,17
/players/g/greenge01.html,Gerald Green,,18,2005,1,18
/players/w/warriha01.html,Hakim Warrick,Syracuse University,19,2005,1,19
/players/h/hodgeju01.html,Julius Hodge,North Carolina State University,20,2005,1,20
/players/r/robinna01.html,Nate Robinson,University of Washington,21,2005,1,21
/players/j/jackja01.html,Jarrett Jack,Georgia Institute of Technology,22,2005,1,22
/players/g/garcifr01.html,Francisco Garcia,University of Louisville,23,2005,1,23
/players/h/headlu01.html,Luther Head,University of Illinois at Urbana-Champaign,24,2005,1,24
/players/p/petrojo01.html,Johan Petro,,25,2005,1,25
/players/m/maxieja01.html,Jason Maxiell,University of Cincinnati,26,2005,1,26
/players/k/kleizli01.html,Linas Kleiza,University of Missouri,27,2005,1,27
/players/m/mahinia01.html,Ian Mahinmi,,28,2005,1,28
/players/s/simiewa01.html,Wayne Simien,University of Kansas,29,2005,1,29
/players/l/leeda02.html,David Lee,University of Florida,30,2005,1,30
/players/s/stoudsa01.html,Salim Stoudamire,University of Arizona,31,2005,2,31
/players/e/ewingda01.html,Daniel Ewing,Duke University,32,2005,2,32
/players/b/bassbr01.html,Brandon Bass,Louisiana State University,33,2005,2,33
/players/m/milescj01.html,C.J. Miles,,34,2005,2,34
,Ricky Sanchez,,35,2005,2,35
/players/i/ilyaser01.html,Ersan Ilyasova,,36,2005,2,36
/players/t/turiaro01.html,Ronny Turiaf,Gonzaga University,37,2005,2,37
/players/d/dienetr01.html,Travis Diener,Marquette University,38,2005,2,38
/players/w/wafervo01.html,Von Wafer,Florida State University,39,2005,2,39
/players/e/ellismo01.html,Monta Ellis,,40,2005,2,40
/players/u/ukicro01.html,Roko Ukic,,41,2005,2,41
/players/t/taftch01.html,Chris Taft,University of Pittsburgh,42,2005,2,42
/players/i/ilicmi01.html,Mile Ilic,,43,2005,2,43
/players/a/andrima01.html,Martynas Andriuskevicius,,44,2005,2,44
/players/w/willilo02.html,Louis Williams,,45,2005,2,45
/players/l/lorbeer01.html,Erazem Lorbek,,46,2005,2,46
/players/w/wrighbr02.html,Bracey Wright,Indiana University,47,2005,2,47
/players/g/gelabmi01.html,Mickael Gelabale,,48,2005,2,48
/players/b/blatcan01.html,Andray Blatche,,49,2005,2,49
/players/g/gomesry01.html,Ryan Gomes,Providence College,50,2005,2,50
/players/w/whalero01.html,Robert Whaley,Walsh University,51,2005,2,51
/players/h/herveax01.html,Axel Hervelle,,52,2005,2,52
/players/g/greenor01.html,Orien Greene,University of Louisiana at Lafayette,53,2005,2,53
/players/t/thompdi01.html,Dijon Thompson,"University of California, Los Angeles",54,2005,2,54
/players/r/roberla01.html,Lawrence Roberts,Mississippi State University,55,2005,2,55
/players/j/johnsam01.html,Amir Johnson,,56,2005,2,56
/players/g/gortama01.html,Marcin Gortat,,57,2005,2,57
/players/s/slokaur01.html,Uros Slokar,,58,2005,2,58
/players/a/akyolce01.html,Cenk Akyol,,59,2005,2,59
/players/a/ackeral01.html,Alex Acker,Pepperdine University,60,2005,2,60
/players/b/bargnan01.html,Andrea Bargnani,,1,2006,1,1
/players/a/aldrila01.html,LaMarcus Aldridge,University of Texas at Austin,2,2006,1,2
/players/m/morriad01.html,Adam Morrison,Gonzaga University,3,2006,1,3
/players/t/thomaty01.html,Tyrus Thomas,Louisiana State University,4,2006,1,4
/players/w/willish02.html,Shelden Williams,Duke University,5,2006,1,5
/players/r/roybr01.html,Brandon Roy,University of Washington,6,2006,1,6
/players/f/foyera01.html,Randy Foye,Villanova University,7,2006,1,7
/players/g/gayru01.html,Rudy Gay,University of Connecticut,8,2006,1,8
/players/o/obryapa01.html,Patrick O'Bryant,Bradley University,9,2006,1,9
/players/s/senesa01.html,Mouhamed Sene,,10,2006,1,10
/players/r/redicjj01.html,J.J. Redick,Duke University,11,2006,1,11
/players/a/armsthi01.html,Hilton Armstrong,University of Connecticut,12,2006,1,12
/players/s/sefolth01.html,Thabo Sefolosha,,13,2006,1,13
/players/b/brewero02.html,Ronnie Brewer,University of Arkansas,14,2006,1,14
/players/s/simmoce01.html,Cedric Simmons,North Carolina State University,15,2006,1,15
/players/c/carnero01.html,Rodney Carney,University of Memphis,16,2006,1,16
/players/w/willish03.html,Shawne Williams,University of Memphis,17,2006,1,17
/players/p/pecheol01.html,Oleksiy Pecherov,,18,2006,1,18
/players/d/doubyqu01.html,Quincy Douby,Rutgers University,19,2006,1,19
/players/b/balkmre01.html,Renaldo Balkman,University of South Carolina,20,2006,1,20
/players/r/rondora01.html,Rajon Rondo,University of Kentucky,21,2006,1,21
/players/w/willima03.html,Marcus Williams,University of Connecticut,22,2006,1,22
/players/b/boonejo01.html,Josh Boone,University of Connecticut,23,2006,1,23
/players/l/lowryky01.html,Kyle Lowry,Villanova University,24,2006,1,24
/players/b/brownsh01.html,Shannon Brown,Michigan State University,25,2006,1,25
/players/f/farmajo01.html,Jordan Farmar,"University of California, Los Angeles",26,2006,1,26
/players/r/rodrise01.html,Sergio Rodriguez,,27,2006,1,27
/players/a/agerma01.html,Maurice Ager,Michigan State University,28,2006,1,28
/players/c/collima01.html,Mardy Collins,Temple University,29,2006,1,29
/players/f/freeljo01.html,Joel Freeland,,30,2006,1,30
/players/w/whiteja02.html,James White,University of Cincinnati,31,2006,2,31
/players/n/novakst01.html,Steve Novak,Marquette University,32,2006,2,32
/players/j/jonesso01.html,Solomon Jones,University of South Florida,33,2006,2,33
/players/d/davispa01.html,Paul Davis,Michigan State University,34,2006,2,34
/players/t/tuckepj01.html,P.J. Tucker,University of Texas at Austin,35,2006,2,35
/players/s/smithcr01.html,Craig Smith,Boston College,36,2006,2,36
/players/j/jonesbo02.html,Bobby Jones,University of Washington,37,2006,2,37
/players/p/perovko01.html,Kosta Perovic,,38,2006,2,38
/players/n/noelda01.html,David Noel,University of North Carolina,39,2006,2,39
,Denham Brown,University of Connecticut,40,2006,2,40
/players/a/augusja01.html,James Augustine,University of Illinois at Urbana-Champaign,41,2006,2,41
/players/g/gibsoda01.html,Daniel Gibson,University of Texas at Austin,42,2006,2,42
/players/v/vincima01.html,Marcus Vinicius,,43,2006,2,43
/players/e/eliyali01.html,Lior Eliyahu,,44,2006,2,44
/players/j/johnsal01.html,Alexander Johnson,Florida State University,45,2006,2,45
/players/b/brownde03.html,Dee Brown,University of Illinois at Urbana-Champaign,46,2006,2,46
/players/m/millspa01.html,Paul Millsap,Louisiana Tech University,47,2006,2,47
/players/v/veremvl01.html,Vladimir Veremeenko,,48,2006,2,48
/players/p/powele01.html,Leon Powe,University of California,49,2006,2,49
/players/h/holliry01.html,Ryan Hollins,"University of California, Los Angeles",50,2006,2,50
/players/s/sambch01.html,Cheikh Samb,,51,2006,2,51
/players/d/diazgu01.html,Guillermo Diaz,University of Miami,52,2006,2,52
/players/h/halpeyo01.html,Yotam Halperin,,53,2006,2,53
/players/a/adamsha01.html,Hassan Adams,University of Arizona,54,2006,2,54
/players/u/ugboaej01.html,Ejike Ugboaja,,55,2006,2,55
/players/b/bavcied01.html,Edin Bavcic,,56,2006,2,56
,Loukas Mavrokefalidis,,57,2006,2,57
,J.R. Pinnock,George Washington University,58,2006,2,58
/players/m/markoda01.html,Damir Markota,,59,2006,2,59
/players/b/blalowi01.html,Will Blalock,Iowa State University,60,2006,2,60
/players/o/odengr01.html,Greg Oden,Ohio State University,1,2007,1,1
/players/d/duranke01.html,Kevin Durant,University of Texas at Austin,2,2007,1,2
/players/h/horfoal01.html,Al Horford,University of Florida,3,2007,1,3
/players/c/conlemi01.html,Mike Conley,Ohio State University,4,2007,1,4
/players/g/greenje02.html,Jeff Green,Georgetown University,5,2007,1,5
/players/j/jianlyi01.html,Yi Jianlian,,6,2007,1,6
/players/b/breweco01.html,Corey Brewer,University of Florida,7,2007,1,7
/players/w/wrighbr03.html,Brandan Wright,University of North Carolina,8,2007,1,8
/players/n/noahjo01.html,Joakim Noah,University of Florida,9,2007,1,9
/players/h/hawessp01.html,Spencer Hawes,University of Washington,10,2007,1,10
/players/l/lawac01.html,Acie Law,Texas A&M University,11,2007,1,11
/players/y/youngth01.html,Thaddeus Young,Georgia Institute of Technology,12,2007,1,12
/players/w/wrighju01.html,Julian Wright,University of Kansas,13,2007,1,13
/players/t/thornal01.html,Al Thornton,Florida State University,14,2007,1,14
/players/s/stuckro01.html,Rodney Stuckey,Eastern Washington University,15,2007,1,15
/players/y/youngni01.html,Nick Young,University of Southern California,16,2007,1,16
/players/w/willise01.html,Sean Williams,Boston College,17,2007,1,17
/players/b/belinma01.html,Marco Belinelli,,18,2007,1,18
/players/c/crittja01.html,Javaris Crittenton,Georgia Institute of Technology,19,2007,1,19
/players/s/smithja02.html,Jason Smith,Colorado State University,20,2007,1,20
/players/c/cookda02.html,Daequan Cook,Ohio State University,21,2007,1,21
/players/d/dudleja01.html,Jared Dudley,Boston College,22,2007,1,22
/players/c/chandwi01.html,Wilson Chandler,DePaul University,23,2007,1,23
/players/f/fernaru01.html,Rudy Fernandez,,24,2007,1,24
/players/a/almonmo01.html,Morris Almond,Rice University,25,2007,1,25
/players/b/brookaa01.html,Aaron Brooks,University of Oregon,26,2007,1,26
/players/a/afflaar01.html,Arron Afflalo,"University of California, Los Angeles",27,2007,1,27
/players/s/splitti01.html,Tiago Splitter,,28,2007,1,28
/players/t/tuckeal02.html,Alando Tucker,University of Wisconsin,29,2007,1,29
/players/k/koponpe01.html,Petteri Koponen,,30,2007,1,30
/players/l/landrca01.html,Carl Landry,Purdue University,31,2007,2,31
/players/p/pruitga01.html,Gabe Pruitt,University of Southern California,32,2007,2,32
/players/w/willima04.html,Marcus Williams,University of Arizona,33,2007,2,33
/players/f/fazekni01.html,Nick Fazekas,"University of Nevada, Reno",34,2007,2,34
/players/d/davisgl01.html,Glen Davis,Louisiana State University,35,2007,2,35
/players/d/davidje01.html,Jermareo Davidson,University of Alabama,36,2007,2,36
/players/m/mcrobjo01.html,Josh McRoberts,Duke University,37,2007,2,37
/players/f/fesenky01.html,Kyrylo Fesenko,,38,2007,2,38
/players/b/baracst01.html,Stanko Barac,,39,2007,2,39
/players/y/yuesu01.html,Sun Yue,,40,2007,2,40
/players/r/richach01.html,Chris Richard,University of Florida,41,2007,2,41
/players/b/byarsde01.html,Derrick Byars,Vanderbilt University,42,2007,2,42
,Adam Haluska,University of Iowa,43,2007,2,43
,Reyshawn Terry,University of North Carolina,44,2007,2,44
,Jared Jordan,Marist College,45,2007,2,45
/players/l/lasmest01.html,Stephane Lasme,University of Massachusetts Amherst,46,2007,2,46
/players/m/mcguido01.html,Dominic McGuire,"California State University, Fresno",47,2007,2,47
/players/g/gasolma01.html,Marc Gasol,,48,2007,2,48
/players/g/grayaa01.html,Aaron Gray,University of Pittsburgh,49,2007,2,49
/players/s/seibure01.html,Renaldas Seibutis,,50,2007,2,50
/players/c/curryja01.html,JamesOn Curry,Oklahoma State University,51,2007,2,51
/players/g/greenta01.html,Taurean Green,University of Florida,52,2007,2,52
/players/n/nichode01.html,Demetris Nichols,Syracuse University,53,2007,2,53
/players/n/newlebr01.html,Brad Newley,,54,2007,2,54
,Herbert Hill,Providence College,55,2007,2,55
/players/s/sessira01.html,Ramon Sessions,"University of Nevada, Reno",56,2007,2,56
,Sammy Mejia,DePaul University,57,2007,2,57
/players/p/printgi01.html,Giorgos Printezis,,58,2007,2,58
/players/s/strawdj01.html,D.J. Strawberry,University of Maryland,59,2007,2,59
/players/r/rakovmi01.html,Milovan Rakovic,,60,2007,2,60
/players/r/rosede01.html,Derrick Rose,University of Memphis,1,2008,1,1
/players/b/beaslmi01.html,Michael Beasley,Kansas State University,2,2008,1,2
/players/m/mayooj01.html,O.J. Mayo,University of Southern California,3,2008,1,3
/players/w/westbru01.html,Russell Westbrook,"University of California, Los Angeles",4,2008,1,4
/players/l/loveke01.html,Kevin Love,"University of California, Los Angeles",5,2008,1,5
/players/g/gallida01.html,Danilo Gallinari,,6,2008,1,6
/players/g/gordoer01.html,Eric Gordon,Indiana University,7,2008,1,7
/players/a/alexajo01.html,Joe Alexander,West Virginia University,8,2008,1,8
/players/a/augusdj01.html,D.J. Augustin,University of Texas at Austin,9,2008,1,9
/players/l/lopezbr01.html,Brook Lopez,Stanford University,10,2008,1,10
/players/b/bayleje01.html,Jerryd Bayless,University of Arizona,11,2008,1,11
/players/t/thompja02.html,Jason Thompson,Rider University,12,2008,1,12
/players/r/rushbr01.html,Brandon Rush,University of Kansas,13,2008,1,13
/players/r/randoan01.html,Anthony Randolph,Louisiana State University,14,2008,1,14
/players/l/lopezro01.html,Robin Lopez,Stanford University,15,2008,1,15
/players/s/speigma01.html,Marreese Speights,University of Florida,16,2008,1,16
/players/h/hibbero01.html,Roy Hibbert,Georgetown University,17,2008,1,17
/players/m/mcgeeja01.html,JaVale McGee,"University of Nevada, Reno",18,2008,1,18
/players/h/hicksjj01.html,J.J. Hickson,North Carolina State University,19,2008,1,19
/players/a/ajincal01.html,Alexis Ajinca,,20,2008,1,20
/players/a/anderry01.html,Ryan Anderson,University of California,21,2008,1,21
/players/l/leeco01.html,Courtney Lee,Western Kentucky University,22,2008,1,22
/players/k/koufoko01.html,Kosta Koufos,Ohio State University,23,2008,1,23
/players/i/ibakase01.html,Serge Ibaka,,24,2008,1,24
/players/b/batumni01.html,Nicolas Batum,,25,2008,1,25
/players/h/hillge01.html,George Hill,Indiana University-Purdue University Indianapolis,26,2008,1,26
/players/a/arthuda01.html,Darrell Arthur,University of Kansas,27,2008,1,27
/players/g/greendo01.html,Donte Greene,Syracuse University,28,2008,1,28
/players/w/whitedj01.html,D.J. White,Indiana University,29,2008,1,29
/players/g/giddejr01.html,J.R. Giddens,University of New Mexico,30,2008,1,30
/players/p/pekovni01.html,Nikola Pekovic,,31,2008,2,31
/players/s/sharpwa01.html,Walter Sharpe,University of Alabama at Birmingham,32,2008,2,32
/players/d/dorsejo01.html,Joey Dorsey,University of Memphis,33,2008,2,33
/players/c/chalmma01.html,Mario Chalmers,University of Kansas,34,2008,2,34
/players/j/jordade01.html,DeAndre Jordan,Texas A&M University,35,2008,2,35
/players/a/asikom01.html,Omer Asik,,36,2008,2,36
/players/m/mbahalu01.html,Luc Mbah a Moute,"University of California, Los Angeles",37,2008,2,37
/players/w/weaveky01.html,Kyle Weaver,Washington State University,38,2008,2,38
/players/w/weemsso01.html,Sonny Weems,University of Arkansas,39,2008,2,39
/players/d/douglch01.html,Chris Douglas-Roberts,University of Memphis,40,2008,2,40
/players/j/jawaina01.html,Nathan Jawai,,41,2008,2,41
/players/s/singlse01.html,Sean Singletary,University of Virginia,42,2008,2,42
/players/e/ewingpa02.html,Patrick Ewing,Georgetown University,43,2008,2,43
/players/t/tomican01.html,Ante Tomic,,44,2008,2,44
/players/d/dragigo01.html,Goran Dragic,,45,2008,2,45
,Trent Plaisted,Brigham Young University Hawaii,46,2008,2,46
/players/w/walkebi01.html,Bill Walker,Kansas State University,47,2008,2,47
/players/h/hairsma01.html,Malik Hairston,University of Oregon,48,2008,2,48
,Richard Hendrix,University of Alabama,49,2008,2,49
/players/h/hardide01.html,DeVon Hardin,University of California,50,2008,2,50
,Shan Foster,Vanderbilt University,51,2008,2,51
/players/j/jacksda01.html,Darnell Jackson,University of Kansas,52,2008,2,52
/players/d/dragita01.html,Tadija Dragicevic,,53,2008,2,53
/players/l/leunema01.html,Maarty Leunen,University of Oregon,54,2008,2,54
/players/t/taylomi01.html,Mike Taylor,Iowa State University,55,2008,2,55
/players/k/kaunsa01.html,Sasha Kaun,University of Kansas,56,2008,2,56
,James Gist,University of Maryland,57,2008,2,57
/players/c/crawfjo01.html,Joe Crawford,University of Kentucky,58,2008,2,58
,Deron Washington,Virginia Polytechnic Institute and State University,59,2008,2,59
/players/e/erdense01.html,Semih Erden,,60,2008,2,60
/players/g/griffbl01.html,Blake Griffin,University of Oklahoma,1,2009,1,1
/players/t/thabeha01.html,Hasheem Thabeet,University of Connecticut,2,2009,1,2
/players/h/hardeja01.html,James Harden,Arizona State University,3,2009,1,3
/players/e/evansty01.html,Tyreke Evans,University of Memphis,4,2009,1,4
/players/r/rubiori01.html,Ricky Rubio,,5,2009,1,5
/players/f/flynnjo01.html,Jonny Flynn,Syracuse University,6,2009,1,6
/players/c/curryst01.html,Stephen Curry,Davidson College,7,2009,1,7
/players/h/hilljo01.html,Jordan Hill,University of Arizona,8,2009,1,8
/players/d/derozde01.html,DeMar DeRozan,University of Southern California,9,2009,1,9
/players/j/jennibr01.html,Brandon Jennings,,10,2009,1,10
/players/w/willite01.html,Terrence Williams,University of Louisville,11,2009,1,11
/players/h/hendege02.html,Gerald Henderson,Duke University,12,2009,1,12
/players/h/hansbty01.html,Tyler Hansbrough,University of North Carolina,13,2009,1,13
/players/c/clarkea01.html,Earl Clark,University of Louisville,14,2009,1,14
/players/d/dayeau01.html,Austin Daye,Gonzaga University,15,2009,1,15
/players/j/johnsja01.html,James Johnson,Wake Forest University,16,2009,1,16
/players/h/holidjr01.html,Jrue Holiday,"University of California, Los Angeles",17,2009,1,17
/players/l/lawsoty01.html,Ty Lawson,University of North Carolina,18,2009,1,18
/players/t/teaguje01.html,Jeff Teague,Wake Forest University,19,2009,1,19
/players/m/maynoer01.html,Eric Maynor,Virginia Commonwealth University,20,2009,1,20
/players/c/collida01.html,Darren Collison,"University of California, Los Angeles",21,2009,1,21
/players/c/clavevi01.html,Victor Claver,,22,2009,1,22
/players/c/casspom01.html,Omri Casspi,,23,2009,1,23
/players/m/mulleby01.html,Byron Mullens,Ohio State University,24,2009,1,24
/players/b/beaubro01.html,Rodrigue Beaubois,,25,2009,1,25
/players/g/gibsota01.html,Taj Gibson,University of Southern California,26,2009,1,26
/players/c/carrode01.html,DeMarre Carroll,University of Missouri,27,2009,1,27
/players/e/ellinwa01.html,Wayne Ellington,University of North Carolina,28,2009,1,28
/players/d/douglto01.html,Toney Douglas,Florida State University,29,2009,1,29
/players/e/eyengch01.html,Christian Eyenga,,30,2009,1,30
/players/p/pendeje02.html,Jeff Pendergraph,Arizona State University,31,2009,2,31
/players/t/tayloje02.html,Jermaine Taylor,University of Central Florida,32,2009,2,32
/players/c/cunnida01.html,Dante Cunningham,Villanova University,33,2009,2,33
/players/l/llullse01.html,Sergio Llull,,34,2009,2,34
/players/s/summeda01.html,DaJuan Summers,Georgetown University,35,2009,2,35
/players/y/youngsa01.html,Sam Young,University of Pittsburgh,36,2009,2,36
/players/b/blairde01.html,DeJuan Blair,University of Pittsburgh,37,2009,2,37
/players/b/brockjo01.html,Jon Brockman,University of Washington,38,2009,2,38
/players/j/jerebjo01.html,Jonas Jerebko,,39,2009,2,39
/players/b/brownde04.html,Derrick Brown,Xavier University,40,2009,2,40
/players/m/meeksjo01.html,Jodie Meeks,University of Kentucky,41,2009,2,41
/players/b/beverpa01.html,Patrick Beverley,University of Arkansas,42,2009,2,42
/players/t/thornma01.html,Marcus Thornton,Louisiana State University,43,2009,2,43
/players/b/budinch01.html,Chase Budinger,University of Arizona,44,2009,2,44
/players/c/calatni01.html,Nick Calathes,University of Florida,45,2009,2,45
/players/g/greenda02.html,Danny Green,University of North Carolina,46,2009,2,46
/players/n/norelhe01.html,Henk Norel,,47,2009,2,47
/players/g/griffta01.html,Taylor Griffin,University of Oklahoma,48,2009,2,48
/players/g/gladyse01.html,Sergiy Gladyr,,49,2009,2,49
,Goran Suton,Michigan State University,50,2009,2,50
,Jack McClinton,University of Miami,51,2009,2,51
/players/p/priceaj01.html,A.J. Price,University of Connecticut,52,2009,2,52
/players/d/decolna01.html,Nando De Colo,,53,2009,2,53
,Robert Vaden,University of Alabama at Birmingham,54,2009,2,54
/players/m/millspa02.html,Patrick Mills,Saint Mary's College of California,55,2009,2,55
,Ahmad Nivins,Saint Joseph's University,56,2009,2,56
/players/p/preldem01.html,Emir Preldzic,,57,2009,2,57
/players/h/hudsole01.html,Lester Hudson,University of Tennessee at Martin,58,2009,2,58
/players/e/elonuch01.html,Chinemelu Elonu,Texas A&M University,59,2009,2,59
,Robert Dozier,University of Memphis,60,2009,2,60
/players/w/walljo01.html,John Wall,University of Kentucky,1,2010,1,1
/players/t/turneev01.html,Evan Turner,Ohio State University,2,2010,1,2
/players/f/favorde01.html,Derrick Favors,Georgia Institute of Technology,3,2010,1,3
/players/j/johnswe01.html,Wesley Johnson,Syracuse University,4,2010,1,4
/players/c/couside01.html,DeMarcus Cousins,University of Kentucky,5,2010,1,5
/players/u/udohek01.html,Ekpe Udoh,Baylor University,6,2010,1,6
/players/m/monrogr01.html,Greg Monroe,Georgetown University,7,2010,1,7
/players/a/aminual01.html,Al-Farouq Aminu,Wake Forest University,8,2010,1,8
/players/h/haywago01.html,Gordon Hayward,Butler University,9,2010,1,9
/players/g/georgpa01.html,Paul George,"California State University, Fresno",10,2010,1,10
/players/a/aldrico01.html,Cole Aldrich,University of Kansas,11,2010,1,11
/players/h/henryxa01.html,Xavier Henry,University of Kansas,12,2010,1,12
/players/d/davised01.html,Ed Davis,University of North Carolina,13,2010,1,13
/players/p/pattepa01.html,Patrick Patterson,University of Kentucky,14,2010,1,14
/players/s/sandela01.html,Larry Sanders,Virginia Commonwealth University,15,2010,1,15
/players/b/babbilu01.html,Luke Babbitt,"University of Nevada, Reno",16,2010,1,16
/players/s/serapke01.html,Kevin Seraphin,,17,2010,1,17
/players/b/bledser01.html,Eric Bledsoe,University of Kentucky,18,2010,1,18
/players/b/bradlav01.html,Avery Bradley,University of Texas at Austin,19,2010,1,19
/players/a/anderja01.html,James Anderson,Oklahoma State University,20,2010,1,20
/players/b/brackcr01.html,Craig Brackins,Iowa State University,21,2010,1,21
/players/w/williel01.html,Elliot Williams,University of Memphis,22,2010,1,22
/players/b/booketr01.html,Trevor Booker,Clemson University,23,2010,1,23
/players/j/jamesda01.html,Damion James,University of Texas at Austin,24,2010,1,24
/players/j/jonesdo02.html,Dominique Jones,University of South Florida,25,2010,1,25
/players/p/pondequ01.html,Quincy Pondexter,University of Washington,26,2010,1,26
/players/c/crawfjo02.html,Jordan Crawford,Xavier University,27,2010,1,27
/players/v/vasqugr01.html,Greivis Vasquez,University of Maryland,28,2010,1,28
/players/o/ortonda01.html,Daniel Orton,University of Kentucky,29,2010,1,29
/players/h/haywala01.html,Lazar Hayward,Marquette University,30,2010,1,30
/players/p/pleisti01.html,Tibor Pleiss,,31,2010,2,31
/players/p/pittmde01.html,Dexter Pittman,University of Texas at Austin,32,2010,2,32
/players/w/whiteha01.html,Hassan Whiteside,Marshall University,33,2010,2,33
/players/j/johnsar02.html,Armon Johnson,"University of Nevada, Reno",34,2010,2,34
/players/b/bjeline01.html,Nemanja Bjelica,,35,2010,2,35
,Terrico White,University of Mississippi,36,2010,2,36
/players/h/hobsoda01.html,Darington Hobson,University of New Mexico,37,2010,2,37
/players/r/rautian01.html,Andy Rautins,Syracuse University,38,2010,2,38
/players/f/fieldla01.html,Landry Fields,Stanford University,39,2010,2,39
/players/s/stephla01.html,Lance Stephenson,University of Cincinnati,40,2010,2,40
/players/v/varnaja01.html,Jarvis Varnado,Mississippi State University,41,2010,2,41
,Da'Sean Butler,West Virginia University,42,2010,2,42
/players/e/ebankde01.html,Devin Ebanks,West Virginia University,43,2010,2,43
/players/j/jordaje01.html,Jerome Jordan,University of Tulsa,44,2010,2,44
/players/p/prestpa01.html,Paulao Prestes,,45,2010,2,45
/players/l/lawalga01.html,Gani Lawal,Georgia Institute of Technology,46,2010,2,46
,Tiny Gallon,University of Oklahoma,47,2010,2,47
/players/w/willila01.html,Latavious Williams,,48,2010,2,48
/players/r/richary01.html,Ryan Richards,,49,2010,2,49
/players/a/alabiso01.html,Solomon Alabi,Florida State University,50,2010,2,50
,Magnum Rolle,Louisiana Tech University,51,2010,2,51
/players/h/haranlu01.html,Luke Harangody,University of Notre Dame,52,2010,2,52
/players/s/sypa01.html,Pape Sy,,53,2010,2,53
/players/w/warrewi01.html,Willie Warren,University of Oklahoma,54,2010,2,54
/players/e/evansje01.html,Jeremy Evans,Western Kentucky University,55,2010,2,55
/players/n/ndiayha01.html,Hamady N'Diaye,Rutgers University,56,2010,2,56
/players/r/reidry01.html,Ryan Reid,Florida State University,57,2010,2,57
/players/c/caracde01.html,Derrick Caracter,University of Texas at El Paso,58,2010,2,58
,Stanley Robinson,University of Connecticut,59,2010,2,59
/players/c/collidw01.html,Dwayne Collins,University of Miami,60,2010,2,60
/players/i/irvinky01.html,Kyrie Irving,Duke University,1,2011,1,1
/players/w/willide02.html,Derrick Williams,University of Arizona,2,2011,1,2
/players/k/kanteen01.html,Enes Kanter,,3,2011,1,3
/players/t/thomptr01.html,Tristan Thompson,University of Texas at Austin,4,2011,1,4
/players/v/valanjo01.html,Jonas Valanciunas,,5,2011,1,5
/players/v/veselja01.html,Jan Vesely,,6,2011,1,6
/players/b/biyombi01.html,Bismack Biyombo,,7,2011,1,7
/players/k/knighbr03.html,Brandon Knight,University of Kentucky,8,2011,1,8
/players/w/walkeke02.html,Kemba Walker,University of Connecticut,9,2011,1,9
/players/f/fredeji01.html,Jimmer Fredette,Brigham Young University,10,2011,1,10
/players/t/thompkl01.html,Klay Thompson,Washington State University,11,2011,1,11
/players/b/burksal01.html,Alec Burks,University of Colorado,12,2011,1,12
/players/m/morrima02.html,Markieff Morris,University of Kansas,13,2011,1,13
/players/m/morrima03.html,Marcus Morris,University of Kansas,14,2011,1,14
/players/l/leonaka01.html,Kawhi Leonard,San Diego State University,15,2011,1,15
/players/v/vucevni01.html,Nikola Vucevic,University of Southern California,16,2011,1,16
/players/s/shumpim01.html,Iman Shumpert,Georgia Institute of Technology,17,2011,1,17
/players/s/singlch01.html,Chris Singleton,Florida State University,18,2011,1,18
/players/h/harrito02.html,Tobias Harris,University of Tennessee,19,2011,1,19
/players/m/motiedo01.html,Donatas Motiejunas,,20,2011,1,20
/players/s/smithno01.html,Nolan Smith,Duke University,21,2011,1,21
/players/f/farieke01.html,Kenneth Faried,Morehead State University,22,2011,1,22
/players/m/mirotni01.html,Nikola Mirotic,,23,2011,1,23
/players/j/jacksre01.html,Reggie Jackson,Boston College,24,2011,1,24
/players/b/brookma01.html,MarShon Brooks,Providence College,25,2011,1,25
/players/h/hamiljo02.html,Jordan Hamilton,University of Texas at Austin,26,2011,1,26
/players/j/johnsja02.html,JaJuan Johnson,Purdue University,27,2011,1,27
/players/c/coleno01.html,Norris Cole,Cleveland State University,28,2011,1,28
/players/j/josepco01.html,Cory Joseph,University of Texas at Austin,29,2011,1,29
/players/b/butleji01.html,Jimmy Butler,Marquette University,30,2011,1,30
/players/b/bogdabo02.html,Bojan Bogdanovic,,31,2011,2,31
/players/h/harpeju01.html,Justin Harper,University of Richmond,32,2011,2,32
/players/s/singlky01.html,Kyle Singler,Duke University,33,2011,2,33
/players/m/macksh01.html,Shelvin Mack,Butler University,34,2011,2,34
/players/h/honeyty01.html,Tyler Honeycutt,"University of California, Los Angeles",35,2011,2,35
/players/w/willijo03.html,Jordan Williams,University of Maryland,36,2011,2,36
/players/t/thomptr02.html,Trey Thompkins,University of Georgia,37,2011,2,37
/players/p/parsoch01.html,Chandler Parsons,University of Florida,38,2011,2,38
/players/t/tylerje01.html,Jeremy Tyler,,39,2011,2,39
/players/l/leuerjo01.html,Jon Leuer,University of Wisconsin,40,2011,2,40
/players/m/morrida01.html,Darius Morris,University of Michigan,41,2011,2,41
/players/b/bertada01.html,Davis Bertans,,42,2011,2,42
/players/l/leema01.html,Malcolm Lee,"University of California, Los Angeles",43,2011,2,43
/players/j/jenkich01.html,Charles Jenkins,Hofstra University,44,2011,2,44
/players/h/harrejo01.html,Josh Harrellson,University of Kentucky,45,2011,2,45
/players/g/goudean01.html,Andrew Goudelock,College of Charleston,46,2011,2,46
/players/l/leslitr01.html,Travis Leslie,University of Georgia,47,2011,2,47
/players/b/bensoke02.html,Keith Benson,Oakland University,48,2011,2,48
/players/s/selbyjo01.html,Josh Selby,University of Kansas,49,2011,2,49
/players/a/allenla01.html,Lavoy Allen,Temple University,50,2011,2,50
/players/d/diebljo01.html,Jon Diebler,Ohio State University,51,2011,2,51
/players/m/macklve01.html,Vernon Macklin,University of Florida,52,2011,2,52
/players/l/liggide01.html,DeAndre Liggins,University of Kentucky,53,2011,2,53
/players/m/macvami01.html,Milan Macvan,,54,2011,2,54
/players/m/mooreet01.html,E'Twaun Moore,Purdue University,55,2011,2,55
/players/m/maduach01.html,Chukwudiebere Maduabum,,56,2011,2,56
,Targuy Ngombo,,57,2011,2,57
/players/m/majokat01.html,Ater Majok,,58,2011,2,58
/players/h/hangaad01.html,Adam Hanga,,59,2011,2,59
/players/t/thomais02.html,Isaiah Thomas,University of Washington,60,2011,2,60
/players/d/davisan02.html,Anthony Davis,University of Kentucky,1,2012,1,1
/players/k/kiddgmi01.html,Michael Kidd-Gilchrist,University of Kentucky,2,2012,1,2
/players/b/bealbr01.html,Bradley Beal,University of Florida,3,2012,1,3
/players/w/waitedi01.html,Dion Waiters,Syracuse University,4,2012,1,4
/players/r/robinth01.html,Thomas Robinson,University of Kansas,5,2012,1,5
/players/l/lillada01.html,Damian Lillard,Weber State University,6,2012,1,6
/players/b/barneha02.html,Harrison Barnes,University of North Carolina,7,2012,1,7
/players/r/rosste01.html,Terrence Ross,University of Washington,8,2012,1,8
/players/d/drumman01.html,Andre Drummond,University of Connecticut,9,2012,1,9
/players/r/riverau01.html,Austin Rivers,Duke University,10,2012,1,10
/players/l/leoname01.html,Meyers Leonard,University of Illinois at Urbana-Champaign,11,2012,1,11
/players/l/lambje01.html,Jeremy Lamb,University of Connecticut,12,2012,1,12
/players/m/marshke01.html,Kendall Marshall,University of North Carolina,13,2012,1,13
/players/h/hensojo01.html,John Henson,University of North Carolina,14,2012,1,14
/players/h/harklma01.html,Maurice Harkless,St. John's University,15,2012,1,15
/players/w/whitero03.html,Royce White,Iowa State University,16,2012,1,16
/players/z/zellety01.html,Tyler Zeller,University of North Carolina,17,2012,1,17
/players/j/joneste01.html,Terrence Jones,University of Kentucky,18,2012,1,18
/players/n/nichoan01.html,Andrew Nicholson,St. Bonaventure University,19,2012,1,19
/players/f/fournev01.html,Evan Fournier,,20,2012,1,20
/players/s/sullija01.html,Jared Sullinger,Ohio State University,21,2012,1,21
/players/m/melofa01.html,Fab Melo,Syracuse University,22,2012,1,22
/players/j/jenkijo01.html,John Jenkins,Vanderbilt University,23,2012,1,23
/players/c/cunnija01.html,Jared Cunningham,Oregon State University,24,2012,1,24
/players/w/wroteto01.html,Tony Wroten,University of Washington,25,2012,1,25
/players/p/plumlmi01.html,Miles Plumlee,Duke University,26,2012,1,26
/players/m/moultar01.html,Arnett Moultrie,Mississippi State University,27,2012,1,27
/players/j/jonespe01.html,Perry Jones,Baylor University,28,2012,1,28
/players/t/teaguma01.html,Marquis Teague,University of Kentucky,29,2012,1,29
/players/e/ezelife01.html,Festus Ezeli,Vanderbilt University,30,2012,1,30
/players/t/tayloje03.html,Jeff Taylor,Vanderbilt University,31,2012,2,31
/players/s/satorto01.html,Tomas Satoransky,,32,2012,2,32
/players/j/jamesbe01.html,Bernard James,Florida State University,33,2012,2,33
/players/c/crowdja01.html,Jae Crowder,Marquette University,34,2012,2,34
/players/g/greendr01.html,Draymond Green,Michigan State University,35,2012,2,35
/players/j/johnsor01.html,Orlando Johnson,"University of California, Santa Barbara",36,2012,2,36
/players/a/acyqu01.html,Quincy Acy,Baylor University,37,2012,2,37
/players/m/millequ01.html,Quincy Miller,Baylor University,38,2012,2,38
/players/m/middlkh01.html,Khris Middleton,Texas A&M University,39,2012,2,39
/players/b/bartowi01.html,Will Barton,University of Memphis,40,2012,2,40
/players/t/tayloty01.html,Tyshawn Taylor,University of Kansas,41,2012,2,41
/players/l/lambdo01.html,Doron Lamb,University of Kentucky,42,2012,2,42
/players/s/scottmi01.html,Mike Scott,University of Virginia,43,2012,2,43
/players/e/engliki01.html,Kim English,University of Missouri,44,2012,2,44
/players/h/hamilju01.html,Justin Hamilton,Louisiana State University,45,2012,2,45
/players/m/milleda01.html,Darius Miller,University of Kentucky,46,2012,2,46
/players/m/murphke01.html,Kevin Murphy,Tennessee Technological University,47,2012,2,47
/players/p/papanko01.html,Kostas Papanikolaou,,48,2012,2,48
/players/o/oquinky01.html,Kyle O'Quinn,Norfolk State University,49,2012,2,49
/players/t/turkyiz01.html,Izzet Turkyilmaz,,50,2012,2,50
/players/j/josepkr01.html,Kris Joseph,Syracuse University,51,2012,2,51
/players/k/kuzmiog01.html,Ognjen Kuzmic,,52,2012,2,52
/players/a/aldemfu01.html,Furkan Aldemir,,53,2012,2,53
/players/s/shengto01.html,Tornike Shengelia,,54,2012,2,54
/players/j/johnsda03.html,Darius Johnson-Odom,Marquette University,55,2012,2,55
/players/z/zubcito01.html,Tomislav Zubcic,,56,2012,2,56
/players/k/karamil01.html,Ilkan Karaman,,57,2012,2,57
/players/h/hummero01.html,Robbie Hummel,Purdue University,58,2012,2,58
/players/d/denmoma01.html,Marcus Denmon,University of Missouri,59,2012,2,59
/players/s/sacrero01.html,Robert Sacre,Gonzaga University,60,2012,2,60
/players/b/bennean01.html,Anthony Bennett,"University of Nevada, Las Vegas",1,2013,1,1
/players/o/oladivi01.html,Victor Oladipo,Indiana University,2,2013,1,2
/players/p/porteot01.html,Otto Porter,Georgetown University,3,2013,1,3
/players/z/zelleco01.html,Cody Zeller,Indiana University,4,2013,1,4
/players/l/lenal01.html,Alex Len,University of Maryland,5,2013,1,5
/players/n/noelne01.html,Nerlens Noel,University of Kentucky,6,2013,1,6
/players/m/mclembe01.html,Ben McLemore,University of Kansas,7,2013,1,7
/players/c/caldwke01.html,Kentavious Caldwell-Pope,University of Georgia,8,2013,1,8
/players/b/burketr01.html,Trey Burke,University of Michigan,9,2013,1,9
/players/m/mccolcj01.html,CJ McCollum,Lehigh University,10,2013,1,10
/players/c/cartemi01.html,Michael Carter-Williams,Syracuse University,11,2013,1,11
/players/a/adamsst01.html,Steven Adams,University of Pittsburgh,12,2013,1,12
/players/o/olynyke01.html,Kelly Olynyk,Gonzaga University,13,2013,1,13
/players/m/muhamsh01.html,Shabazz Muhammad,"University of California, Los Angeles",14,2013,1,14
/players/a/antetgi01.html,Giannis Antetokounmpo,,15,2013,1,15
/players/n/noguelu01.html,Lucas Nogueira,,16,2013,1,16
/players/s/schrode01.html,Dennis Schroder,,17,2013,1,17
/players/l/larkish01.html,Shane Larkin,University of Miami,18,2013,1,18
/players/k/karasse01.html,Sergey Karasev,,19,2013,1,19
/players/s/snellto01.html,Tony Snell,University of New Mexico,20,2013,1,20
/players/d/dienggo01.html,Gorgui Dieng,University of Louisville,21,2013,1,21
/players/p/plumlma01.html,Mason Plumlee,Duke University,22,2013,1,22
/players/h/hillso01.html,Solomon Hill,University of Arizona,23,2013,1,23
/players/h/hardati02.html,Tim Hardaway,University of Michigan,24,2013,1,24
/players/b/bullore01.html,Reggie Bullock,University of North Carolina,25,2013,1,25
/players/r/roberan03.html,Andre Roberson,University of Colorado,26,2013,1,26
/players/g/goberru01.html,Rudy Gobert,,27,2013,1,27
/players/j/jeancli01.html,Livio Jean-Charles,,28,2013,1,28
/players/g/goodwar01.html,Archie Goodwin,University of Kentucky,29,2013,1,29
/players/n/nedovne01.html,Nemanja Nedovic,,30,2013,1,30
/players/c/crabbal01.html,Allen Crabbe,University of California,31,2013,2,31
/players/a/abrinal01.html,Alex Abrines,,32,2013,2,32
/players/f/felixca01.html,Carrick Felix,Arizona State University,33,2013,2,33
/players/c/canaais01.html,Isaiah Canaan,Murray State University,34,2013,2,34
/players/r/ricegl02.html,Glen Rice,Georgia Institute of Technology,35,2013,2,35
/players/m/mccalra01.html,Ray McCallum,University of Detroit Mercy,36,2013,2,36
/players/m/mitchto02.html,Tony Mitchell,University of North Texas,37,2013,2,37
/players/w/woltena01.html,Nate Wolters,South Dakota State University,38,2013,2,38
/players/w/witheje01.html,Jeff Withey,University of Kansas,39,2013,2,39
/players/j/jerregr01.html,Grant Jerrett,University of Arizona,40,2013,2,40
/players/f/frankja01.html,Jamaal Franklin,San Diego State University,41,2013,2,41
/players/j/jackspi01.html,Pierre Jackson,Baylor University,42,2013,2,42
/players/l/ledori01.html,Ricky Ledo,Providence College,43,2013,2,43
/players/m/muscami01.html,Mike Muscala,Bucknell University,44,2013,2,44
/players/t/todorma01.html,Marko Todorovic,,45,2013,2,45
/players/g/greener01.html,Erick Green,Virginia Polytechnic Institute and State University,46,2013,2,46
/players/n/netora01.html,Raul Neto,,47,2013,2,47
/players/k/kellyry01.html,Ryan Kelly,Duke University,48,2013,2,48
/players/m/murpher01.html,Erik Murphy,University of Florida,49,2013,2,49
/players/e/ennisja01.html,James Ennis,"California State University, Long Beach",50,2013,2,50
,Romero Osby,University of Oklahoma,51,2013,2,51
/players/b/brownlo01.html,Lorenzo Brown,North Carolina State University,52,2013,2,52
/players/i/iversco01.html,Colton Iverson,Colorado State University,53,2013,2,53
/players/k/kazemar01.html,Arsalan Kazemi,University of Oregon,54,2013,2,54
/players/l/lauvejo01.html,Joffrey Lauvergne,,55,2013,2,55
/players/s/sivape01.html,Peyton Siva,University of Louisville,56,2013,2,56
/players/o/oriakal01.html,Alex Oriakhi,University of Missouri,57,2013,2,57
/players/t/thomade01.html,Deshaun Thomas,Ohio State University,58,2013,2,58
/players/d/dubljbo01.html,Bojan Dubljevic,,59,2013,2,59
/players/t/timmaja01.html,Janis Timma,,60,2013,2,60
/players/w/wiggian01.html,Andrew Wiggins,University of Kansas,1,2014,1,1
/players/p/parkeja01.html,Jabari Parker,Duke University,2,2014,1,2
/players/e/embiijo01.html,Joel Embiid,University of Kansas,3,2014,1,3
/players/g/gordoaa01.html,Aaron Gordon,University of Arizona,4,2014,1,4
/players/e/exumda01.html,Dante Exum,,5,2014,1,5
/players/s/smartma01.html,Marcus Smart,Oklahoma State University,6,2014,1,6
/players/r/randlju01.html,Julius Randle,University of Kentucky,7,2014,1,7
/players/s/stausni01.html,Nik Stauskas,University of Michigan,8,2014,1,8
/players/v/vonleno01.html,Noah Vonleh,Indiana University,9,2014,1,9
/players/p/paytoel01.html,Elfrid Payton,University of Louisiana at Lafayette,10,2014,1,10
/players/m/mcderdo01.html,Doug McDermott,Creighton University,11,2014,1,11
/players/s/saricda01.html,Dario Saric,,12,2014,1,12
/players/l/lavinza01.html,Zach LaVine,"University of California, Los Angeles",13,2014,1,13
/players/w/warretj01.html,T.J. Warren,North Carolina State University,14,2014,1,14
/players/p/paynead01.html,Adreian Payne,Michigan State University,15,2014,1,15
/players/n/nurkiju01.html,Jusuf Nurkic,,16,2014,1,16
/players/y/youngja01.html,James Young,University of Kentucky,17,2014,1,17
/players/e/ennisty01.html,Tyler Ennis,Syracuse University,18,2014,1,18
/players/h/harriga01.html,Gary Harris,Michigan State University,19,2014,1,19
/players/c/cabocbr01.html,Bruno Caboclo,,20,2014,1,20
/players/m/mcgarmi01.html,Mitch McGary,University of Michigan,21,2014,1,21
/players/a/adamsjo01.html,Jordan Adams,"University of California, Los Angeles",22,2014,1,22
/players/h/hoodro01.html,Rodney Hood,Duke University,23,2014,1,23
/players/n/napiesh01.html,Shabazz Napier,University of Connecticut,24,2014,1,24
/players/c/capelca01.html,Clint Capela,,25,2014,1,25
/players/h/hairspj02.html,P.J. Hairston,University of North Carolina,26,2014,1,26
/players/b/bogdabo01.html,Bogdan Bogdanovic,,27,2014,1,27
/players/w/wilcocj01.html,C.J. Wilcox,University of Washington,28,2014,1,28
/players/h/huestjo01.html,Josh Huestis,Stanford University,29,2014,1,29
/players/a/anderky01.html,Kyle Anderson,"University of California, Los Angeles",30,2014,1,30
/players/i/inglida01.html,Damien Inglis,,31,2014,2,31
/players/m/mcdankj01.html,K.J. McDaniels,Clemson University,32,2014,2,32
/players/h/harrijo01.html,Joe Harris,University of Virginia,33,2014,2,33
/players/e/earlycl01.html,Cleanthony Early,Wichita State University,34,2014,2,34
/players/s/stokeja01.html,Jarnell Stokes,University of Tennessee,35,2014,2,35
/players/o/obryajo01.html,Johnny O'Bryant III,Louisiana State University,36,2014,2,36
/players/d/daniede01.html,DeAndre Daniels,University of Connecticut,37,2014,2,37
/players/d/dinwisp01.html,Spencer Dinwiddie,University of Colorado,38,2014,2,38
/players/g/grantje01.html,Jerami Grant,Syracuse University,39,2014,2,39
/players/r/robingl02.html,Glenn Robinson III,University of Michigan,40,2014,2,40
/players/j/jokicni01.html,Nikola Jokic,,41,2014,2,41
/players/j/johnsni01.html,Nick Johnson,University of Arizona,42,2014,2,42
/players/t/tavarwa01.html,Walter Tavares,,43,2014,2,43
/players/b/brownma02.html,Markel Brown,Oklahoma State University,44,2014,2,44
/players/p/poweldw01.html,Dwight Powell,Stanford University,45,2014,2,45
/players/c/clarkjo01.html,Jordan Clarkson,University of Missouri,46,2014,2,46
/players/s/smithru01.html,Russ Smith,University of Louisville,47,2014,2,47
/players/p/pattela01.html,Lamar Patterson,University of Pittsburgh,48,2014,2,48
/players/b/bairsca01.html,Cameron Bairstow,University of New Mexico,49,2014,2,49
/players/b/brownal01.html,Alec Brown,University of Wisconsin-Green Bay,50,2014,2,50
/players/a/antetth01.html,Thanasis Antetokounmpo,,51,2014,2,51
/players/m/micicva01.html,Vasilije Micic,,52,2014,2,52
/players/g/gential01.html,Alessandro Gentile,,53,2014,2,53
/players/d/dangune01.html,Nemanja Dangubic,,54,2014,2,54
/players/c/chrisse01.html,Semaj Christon,Xavier University,55,2014,2,55
/players/m/marblde01.html,Roy Devyn Marble,University of Iowa,56,2014,2,56
/players/l/labeylo01.html,Louis Labeyrie,,57,2014,2,57
/players/m/mcraejo01.html,Jordan McRae,University of Tennessee,58,2014,2,58
/players/t/thamexa01.html,Xavier Thames,San Diego State University,59,2014,2,59
/players/j/jeffeco01.html,Cory Jefferson,Baylor University,60,2014,2,60
/players/t/townska01.html,Karl-Anthony Towns,University of Kentucky,1,2015,1,1
/players/r/russeda01.html,D'Angelo Russell,Ohio State University,2,2015,1,2
/players/o/okafoja01.html,Jahlil Okafor,Duke University,3,2015,1,3
/players/p/porzikr01.html,Kristaps Porzingis,,4,2015,1,4
/players/h/hezonma01.html,Mario Hezonja,,5,2015,1,5
/players/c/caulewi01.html,Willie Cauley-Stein,University of Kentucky,6,2015,1,6
/players/m/mudiaem01.html,Emmanuel Mudiay,,7,2015,1,7
/players/j/johnsst04.html,Stanley Johnson,University of Arizona,8,2015,1,8
/players/k/kaminfr01.html,Frank Kaminsky,University of Wisconsin,9,2015,1,9
/players/w/winslju01.html,Justise Winslow,Duke University,10,2015,1,10
/players/t/turnemy01.html,Myles Turner,University of Texas at Austin,11,2015,1,11
/players/l/lylestr01.html,Trey Lyles,University of Kentucky,12,2015,1,12
/players/b/bookede01.html,Devin Booker,University of Kentucky,13,2015,1,13
/players/p/payneca01.html,Cameron Payne,Murray State University,14,2015,1,14
/players/o/oubreke01.html,Kelly Oubre,University of Kansas,15,2015,1,15
/players/r/roziete01.html,Terry Rozier,University of Louisville,16,2015,1,16
/players/v/vaughra01.html,Rashad Vaughn,"University of Nevada, Las Vegas",17,2015,1,17
/players/d/dekkesa01.html,Sam Dekker,University of Wisconsin,18,2015,1,18
/players/g/grantje02.html,Jerian Grant,University of Notre Dame,19,2015,1,19
/players/w/wrighde01.html,Delon Wright,University of Utah,20,2015,1,20
/players/a/anderju01.html,Justin Anderson,University of Virginia,21,2015,1,21
/players/p/portibo01.html,Bobby Portis,University of Arkansas,22,2015,1,22
/players/h/holliro01.html,Rondae Hollis-Jefferson,University of Arizona,23,2015,1,23
/players/j/jonesty01.html,Tyus Jones,Duke University,24,2015,1,24
/players/m/martija01.html,Jarell Martin,Louisiana State University,25,2015,1,25
/players/m/milutni01.html,Nikola Milutinov,,26,2015,1,26
/players/n/nancela02.html,Larry Nance Jr.,University of Wyoming,27,2015,1,27
/players/h/hunterj01.html,R.J. Hunter,Georgia State University,28,2015,1,28
/players/m/mcculch01.html,Chris McCullough,Syracuse University,29,2015,1,29
/players/l/looneke01.html,Kevon Looney,"University of California, Los Angeles",30,2015,1,30
/players/o/osmande01.html,Cedi Osman,,31,2015,2,31
/players/h/harremo01.html,Montrezl Harrell,University of Louisville,32,2015,2,32
/players/m/mickejo01.html,Jordan Mickey,Louisiana State University,33,2015,2,33
/players/b/brownan02.html,Anthony Brown,Stanford University,34,2015,2,34
/players/h/hernawi01.html,Willy Hernangomez,,35,2015,2,35
/players/c/chrisra01.html,Rakeem Christmas,Syracuse University,36,2015,2,36
/players/h/holmeri01.html,Richaun Holmes,Bowling Green State University,37,2015,2,37
/players/h/hillida01.html,Darrun Hilliard,Villanova University,38,2015,2,38
/players/v/vauleju01.html,Juan Pablo Vaulet,,39,2015,2,39
/players/r/richajo01.html,Josh Richardson,University of Tennessee,40,2015,2,40
/players/c/connapa01.html,Pat Connaughton,University of Notre Dame,41,2015,2,41
/players/h/hanlaol01.html,Olivier Hanlan,Boston College,42,2015,2,42
/players/y/youngjo01.html,Joseph Young,University of Oregon,43,2015,2,43
/players/h/harrian01.html,Andrew Harrison,University of Kentucky,44,2015,2,44
/players/t/thornma02.html,Marcus Thornton,College of William & Mary,45,2015,2,45
/players/p/powelno01.html,Norman Powell,"University of California, Los Angeles",46,2015,2,46
/players/g/gudaiar01.html,Arturas Gudaitis,,47,2015,2,47
/players/j/johnsda04.html,Dakari Johnson,University of Kentucky,48,2015,2,48
/players/w/whiteaa01.html,Aaron White,University of Iowa,49,2015,2,49
/players/e/eriksma01.html,Marcus Eriksson,,50,2015,2,50
/players/h/harvety01.html,Tyler Harvey,Eastern Washington University,51,2015,2,51
/players/s/singhsa01.html,Satnam Singh,,52,2015,2,52
/players/p/pointsi01.html,Sir'Dominic Pointer,St. John's University,53,2015,2,53
/players/d/diezda01.html,Dani Diez,,54,2015,2,54
/players/l/lalanca01.html,Cady Lalanne,University of Massachusetts Amherst,55,2015,2,55
/players/d/dawsobr01.html,Branden Dawson,Michigan State University,56,2015,2,56
/players/r/radicni01.html,Nikola Radicevic,,57,2015,2,57
/players/t/tokotjp01.html,J.P. Tokoto,University of North Carolina,58,2015,2,58
/players/a/agravdi01.html,Dimitrios Agravanis,,59,2015,2,59
/players/m/mitrolu01.html,Luka Mitrovic,,60,2015,2,60
/players/s/simmobe01.html,Ben Simmons,Louisiana State University,1,2016,1,1
/players/i/ingrabr01.html,Brandon Ingram,Duke University,2,2016,1,2
/players/b/brownja02.html,Jaylen Brown,University of California,3,2016,1,3
/players/b/bendedr01.html,Dragan Bender,,4,2016,1,4
/players/d/dunnkr01.html,Kris Dunn,Providence College,5,2016,1,5
/players/h/hieldbu01.html,Buddy Hield,University of Oklahoma,6,2016,1,6
/players/m/murraja01.html,Jamal Murray,University of Kentucky,7,2016,1,7
/players/c/chrisma01.html,Marquese Chriss,University of Washington,8,2016,1,8
/players/p/poeltja01.html,Jakob Poeltl,University of Utah,9,2016,1,9
/players/m/makerth01.html,Thon Maker,,10,2016,1,10
/players/s/sabondo01.html,Domantas Sabonis,Gonzaga University,11,2016,1,11
/players/p/princta02.html,Taurean Prince,Baylor University,12,2016,1,12
/players/p/papagge01.html,Georgios Papagiannis,,13,2016,1,13
/players/v/valende01.html,Denzel Valentine,Michigan State University,14,2016,1,14
/players/h/hernaju01.html,Juan Hernangomez,,15,2016,1,15
/players/y/yabusgu01.html,Guerschon Yabusele,,16,2016,1,16
/players/b/baldwwa01.html,Wade Baldwin,Vanderbilt University,17,2016,1,17
/players/e/ellenhe01.html,Henry Ellenson,Marquette University,18,2016,1,18
/players/b/beaslma01.html,Malik Beasley,Florida State University,19,2016,1,19
/players/l/leverca01.html,Caris LeVert,University of Michigan,20,2016,1,20
/players/b/bembrde01.html,DeAndre Bembry,Saint Joseph's University,21,2016,1,21
/players/r/richama01.html,Malachi Richardson,Syracuse University,22,2016,1,22
/players/z/zizican01.html,Ante Zizic,,23,2016,1,23
/players/l/luwawti01.html,Timothe Luwawu,,24,2016,1,24
/players/j/johnsbr02.html,Brice Johnson,University of North Carolina,25,2016,1,25
/players/k/korkmfu01.html,Furkan Korkmaz,,26,2016,1,26
/players/s/siakapa01.html,Pascal Siakam,New Mexico State University,27,2016,1,27
/players/l/labissk01.html,Skal Labissiere,University of Kentucky,28,2016,1,28
/players/m/murrade01.html,Dejounte Murray,University of Washington,29,2016,1,29
/players/j/jonesda03.html,Damian Jones,Vanderbilt University,30,2016,1,30
/players/d/davisde01.html,Deyonta Davis,Michigan State University,31,2016,2,31
/players/z/zubaciv01.html,Ivica Zubac,,32,2016,2,32
/players/d/diallch01.html,Cheick Diallo,University of Kansas,33,2016,2,33
/players/u/ulisty01.html,Tyler Ulis,University of Kentucky,34,2016,2,34
/players/z/zagorra01.html,Rade Zagorac,,35,2016,2,35
/players/b/brogdma01.html,Malcolm Brogdon,University of Virginia,36,2016,2,36
/players/o/onuakch01.html,Chinanu Onuaku,University of Louisville,37,2016,2,37
/players/m/mccawpa01.html,Patrick McCaw,"University of Nevada, Las Vegas",38,2016,2,38
/players/m/michida01.html,David Michineau,,39,2016,2,39
/players/s/stonedi01.html,Diamond Stone,University of Maryland,40,2016,2,40
/players/z/zimmest01.html,Stephen Zimmerman,"University of Nevada, Las Vegas",41,2016,2,41
/players/w/whiteis01.html,Isaiah Whitehead,Seton Hall University,42,2016,2,42
/players/q/qizh01.html,Zhou Qi,,43,2016,2,43
/players/c/cordiis01.html,Isaia Cordinier,,44,2016,2,44
/players/j/jacksde01.html,Demetrius Jackson,University of Notre Dame,45,2016,2,45
/players/h/hammoaj01.html,A.J. Hammons,Purdue University,46,2016,2,46
/players/l/laymaja01.html,Jake Layman,University of Maryland,47,2016,2,47
/players/z/zipsepa01.html,Paul Zipser,,48,2016,2,48
/players/g/gbinimi01.html,Michael Gbinije,Syracuse University,49,2016,2,49
/players/n/niangge01.html,Georges Niang,Iowa State University,50,2016,2,50
/players/b/bentibe01.html,Ben Bentil,Providence College,51,2016,2,51
/players/b/bolomjo01.html,Joel Bolomboy,Weber State University,52,2016,2,52
/players/c/cornepe01.html,Petr Cornelie,,53,2016,2,53
/players/f/feldeka01.html,Kay Felder,Oakland University,54,2016,2,54
/players/p/paigema01.html,Marcus Paige,University of North Carolina,55,2016,2,55
/players/h/hamilda02.html,Daniel Hamilton,University of Connecticut,56,2016,2,56
/players/s/sheliwa01.html,Wang Zhelin,,57,2016,2,57
/players/n/naderab01.html,Abdel Nader,Iowa State University,58,2016,2,58
/players/c/cousiis01.html,Isaiah Cousins,University of Oklahoma,59,2016,2,59
/players/w/wallaty01.html,Tyrone Wallace,University of California,60,2016,2,60
/players/f/fultzma01.html,Markelle Fultz,University of Washington,1,2017,1,1
/players/b/balllo01.html,Lonzo Ball,"University of California, Los Angeles",2,2017,1,2
/players/t/tatumja01.html,Jayson Tatum,Duke University,3,2017,1,3
/players/j/jacksjo02.html,Josh Jackson,University of Kansas,4,2017,1,4
/players/f/foxde01.html,De'Aaron Fox,University of Kentucky,5,2017,1,5
/players/i/isaacjo01.html,Jonathan Isaac,Florida State University,6,2017,1,6
/players/m/markkla01.html,Lauri Markkanen,University of Arizona,7,2017,1,7
/players/n/ntilila01.html,Frank Ntilikina,,8,2017,1,8
/players/s/smithde03.html,Dennis Smith,North Carolina State University,9,2017,1,9
/players/c/colliza01.html,Zach Collins,Gonzaga University,10,2017,1,10
/players/m/monkma01.html,Malik Monk,University of Kentucky,11,2017,1,11
/players/k/kennalu01.html,Luke Kennard,Duke University,12,2017,1,12
/players/m/mitchdo01.html,Donovan Mitchell,University of Louisville,13,2017,1,13
/players/a/adebaba01.html,Bam Adebayo,University of Kentucky,14,2017,1,14
/players/j/jacksju01.html,Justin Jackson,University of North Carolina,15,2017,1,15
/players/p/pattoju01.html,Justin Patton,Creighton University,16,2017,1,16
/players/w/wilsodj01.html,D.J. Wilson,University of Michigan,17,2017,1,17
/players/l/leaftj01.html,T.J. Leaf,"University of California, Los Angeles",18,2017,1,18
/players/c/collijo01.html,John Collins,Wake Forest University,19,2017,1,19
/players/g/gilesha01.html,Harry Giles,Duke University,20,2017,1,20
/players/f/fergute01.html,Terrance Ferguson,,21,2017,1,21
/players/a/allenja01.html,Jarrett Allen,University of Texas at Austin,22,2017,1,22
/players/a/anunoog01.html,OG Anunoby,Indiana University,23,2017,1,23
/players/l/lydonty01.html,Tyler Lydon,Syracuse University,24,2017,1,24
/players/p/pasecan01.html,Anzejs Pasecniks,,25,2017,1,25
/players/s/swanica01.html,Caleb Swanigan,Purdue University,26,2017,1,26
/players/k/kuzmaky01.html,Kyle Kuzma,University of Utah,27,2017,1,27
/players/b/bradlto01.html,Tony Bradley,University of North Carolina,28,2017,1,28
/players/w/whitede01.html,Derrick White,University of Colorado,29,2017,1,29
/players/h/hartjo01.html,Josh Hart,Villanova University,30,2017,1,30
/players/j/jacksfr01.html,Frank Jackson,Duke University,31,2017,2,31
/players/r/reedda01.html,Davon Reed,University of Miami,32,2017,2,32
/players/i/iwundwe01.html,Wesley Iwundu,Kansas State University,33,2017,2,33
/players/m/masonfr01.html,Frank Mason,University of Kansas,34,2017,2,34
/players/r/rabbiv01.html,Ivan Rabb,University of California,35,2017,2,35
/players/b/boldejo01.html,Jonah Bolden,,36,2017,2,36
/players/o/ojelese01.html,Semi Ojeleye,Southern Methodist University,37,2017,2,37
/players/b/belljo01.html,Jordan Bell,University of Oregon,38,2017,2,38
/players/e/evansja01.html,Jawun Evans,Oklahoma State University,39,2017,2,39
/players/b/bacondw01.html,Dwayne Bacon,Florida State University,40,2017,2,40
/players/d/dorsety01.html,Tyler Dorsey,University of Oregon,41,2017,2,41
/players/b/bryanth01.html,Thomas Bryant,Indiana University,42,2017,2,42
/players/h/harteis01.html,Isaiah Hartenstein,,43,2017,2,43
/players/d/dotsoda01.html,Damyean Dotson,University of Oregon,44,2017,2,44
/players/b/brookdi01.html,Dillon Brooks,University of Oregon,45,2017,2,45
/players/b/brownst02.html,Sterling Brown,Southern Methodist University,46,2017,2,46
/players/a/anigbik01.html,Ike Anigbogu,"University of California, Los Angeles",47,2017,2,47
/players/t/thornsi01.html,Sindarius Thornwell,University of South Carolina,48,2017,2,48
/players/c/cancavl01.html,Vlatko Cancar,,49,2017,2,49
/players/l/lessoma01.html,Mathias Lessort,,50,2017,2,50
/players/m/morrimo01.html,Monte Morris,Iowa State University,51,2017,2,51
/players/s/sumneed01.html,Edmond Sumner,Xavier University,52,2017,2,52
/players/a/allenka01.html,Kadeem Allen,University of Arizona,53,2017,2,53
/players/p/peteral01.html,Alec Peters,Valparaiso University,54,2017,2,54
/players/w/willini01.html,Nigel Williams-Goss,Gonzaga University,55,2017,2,55
/players/b/birdja01.html,Jabari Bird,University of California,56,2017,2,56
/players/v/vezenal01.html,Aleksandar Vezenkov,,57,2017,2,57
/players/j/jaramog01.html,Ognjen Jaramaz,,58,2017,2,58
/players/b/blossja01.html,Jaron Blossomgame,Clemson University,59,2017,2,59
/players/k/kabaal01.html,Alpha Kaba,,60,2017,2,60
/players/a/aytonde01.html,Deandre Ayton,University of Arizona,1,2018,1,1
/players/b/baglema01.html,Marvin Bagley,Duke University,2,2018,1,2
/players/d/doncilu01.html,Luka Doncic,,3,2018,1,3
/players/j/jacksja02.html,Jaren Jackson,Michigan State University,4,2018,1,4
/players/y/youngtr01.html,Trae Young,University of Oklahoma,5,2018,1,5
/players/b/bambamo01.html,Mohamed Bamba,University of Texas at Austin,6,2018,1,6
/players/c/cartewe01.html,Wendell Carter,Duke University,7,2018,1,7
/players/s/sextoco01.html,Collin Sexton,University of Alabama,8,2018,1,8
/players/k/knoxke01.html,Kevin Knox,University of Kentucky,9,2018,1,9
/players/b/bridgmi01.html,Mikal Bridges,Villanova University,10,2018,1,10
/players/g/gilgesh01.html,Shai Gilgeous-Alexander,University of Kentucky,11,2018,1,11
/players/b/bridgmi02.html,Miles Bridges,Michigan State University,12,2018,1,12
/players/r/robinje01.html,Jerome Robinson,Boston College,13,2018,1,13
/players/p/portemi01.html,Michael Porter,University of Missouri,14,2018,1,14
/players/b/browntr01.html,Troy Brown,University of Oregon,15,2018,1,15
/players/s/smithzh01.html,Zhaire Smith,Texas Tech University,16,2018,1,16
/players/d/divindo01.html,Donte DiVincenzo,Villanova University,17,2018,1,17
/players/w/walkelo01.html,Lonnie Walker,University of Miami,18,2018,1,18
/players/h/huertke01.html,Kevin Huerter,University of Maryland,19,2018,1,19
/players/o/okogijo01.html,Josh Okogie,Georgia Institute of Technology,20,2018,1,20
/players/a/allengr01.html,Grayson Allen,Duke University,21,2018,1,21
/players/h/hutchch01.html,Chandler Hutchison,Boise State University,22,2018,1,22
/players/h/holidaa01.html,Aaron Holiday,"University of California, Los Angeles",23,2018,1,23
/players/s/simonan01.html,Anfernee Simons,,24,2018,1,24
/players/w/wagnemo01.html,Moritz Wagner,University of Michigan,25,2018,1,25
/players/s/shamela01.html,Landry Shamet,Wichita State University,26,2018,1,26
/players/w/williro04.html,Robert Williams,Texas A&M University,27,2018,1,27
/players/e/evansja02.html,Jacob Evans,University of Cincinnati,28,2018,1,28
/players/m/musadz01.html,Dzanan Musa,,29,2018,1,29
/players/s/spellom01.html,Omari Spellman,Villanova University,30,2018,1,30
/players/o/okoboel01.html,Elie Okobo,,31,2018,2,31
/players/c/carteje01.html,Jevon Carter,West Virginia University,32,2018,2,32
/players/b/brunsja01.html,Jalen Brunson,Villanova University,33,2018,2,33
/players/g/grahade01.html,Devonte' Graham,University of Kansas,34,2018,2,34
/players/f/frazime01.html,Melvin Frazier,Tulane University,35,2018,2,35
/players/r/robinmi01.html,Mitchell Robinson,,36,2018,2,36
/players/t/trentga02.html,Gary Trent,Duke University,37,2018,2,37
/players/t/thomakh01.html,Khyri Thomas,Creighton University,38,2018,2,38
/players/b/bongais01.html,Isaac Bonga,,39,2018,2,39
/players/k/kurucro01.html,Rodions Kurucs,,40,2018,2,40
/players/v/vandeja01.html,Jarred Vanderbilt,University of Kentucky,41,2018,2,41
/players/b/brownbr01.html,Bruce Brown,University of Miami,42,2018,2,42
/players/j/jacksju02.html,Justin Jackson,University of Maryland,43,2018,2,43
/players/s/sanonis01.html,Issuf Sanon,,44,2018,2,44
/players/d/diallha01.html,Hamidou Diallo,University of Kentucky,45,2018,2,45
/players/m/meltode01.html,De'Anthony Melton,University of Southern California,46,2018,2,46
/players/m/mykhasv01.html,Sviatoslav Mykhailiuk,University of Kansas,47,2018,2,47
/players/b/bateske01.html,Keita Bates-Diop,Ohio State University,48,2018,2,48
/players/m/metuch01.html,Chimezie Metu,University of Southern California,49,2018,2,49
/players/j/johnsal02.html,Alize Johnson,Missouri State,50,2018,2,50
/players/c/carrto01.html,Tony Carr,Pennsylvania State University,51,2018,2,51
/players/e/edwarvi01.html,Vince Edwards,Purdue University,52,2018,2,52
/players/h/hallde01.html,Devon Hall,University of Virginia,53,2018,2,53
/players/m/miltosh01.html,Shake Milton,Southern Methodist University,54,2018,2,54
/players/k/kulboar01.html,Arnoldas Kulboka,,55,2018,2,55
/players/s/spaldra01.html,Ray Spalding,University of Louisville,56,2018,2,56
/players/h/herveke01.html,Kevin Hervey,University of Texas at Arlington,57,2018,2,57
/players/w/welshth01.html,Thomas Welsh,"University of California, Los Angeles",58,2018,2,58
/players/k/kingge03.html,George King,University of Colorado,59,2018,2,59
/players/a/antetko01.html,Kostas Antetokounmpo,University of Dayton,60,2018,2,60